Date,Actual,Predicted,Error,Static_Pred,Volatility,Regime,W_H,W_L,Drift,Retrained
2023-01-02,18207.1,18347.145000000004,-140.04500000000553,18347.145000000004,0.006921529404141069,HIGH,0.3927919958273693,0.6072080041726307,0,0
2023-01-03,18234.3,18322.7975,-88.49750000000131,18322.7975,0.006832783523904345,HIGH,0.3677530336608844,0.6322469663391156,0,0
2023-01-04,18036.85,18302.1225,-265.27250000000276,18302.1225,0.0067740760718011574,HIGH,0.35232970320942647,0.6476702967905735,0,0
2023-01-05,17999.8,18276.427499999998,-276.6274999999987,18276.427499999998,0.007048434731933429,HIGH,0.4317016801296727,0.5682983198703273,0,0
2023-01-06,17865.85,18245.6975,-379.84749999999985,18245.6975,0.006527394410459204,HIGH,0.2982505490974949,0.7017494509025051,0,0
2023-01-09,18088.75,18214.327499999996,-125.57749999999578,18214.327499999996,0.006631547593778411,HIGH,0.3189492833201515,0.6810507166798485,0,0
2023-01-10,17925.35,18194.029999999995,-268.67999999999665,18194.029999999995,0.007031256121581618,HIGH,0.42625333173604174,0.5737466682639583,0,0
2023-01-11,17888.4,18160.46,-272.0599999999977,18160.46,0.007149973498882717,HIGH,0.46476422953910645,0.5352357704608935,0,0
2023-01-12,17866.0,18122.73,-256.72999999999956,18122.73,0.006878803975483745,HIGH,0.3804892663374364,0.6195107336625636,0,0
2023-01-13,17950.5,18096.0425,-145.54249999999956,18096.0425,0.006858293344749015,HIGH,0.37474491620811345,0.6252550837918865,0,0
2023-01-16,17891.7,18080.0625,-188.36249999999927,18080.0625,0.006922116769335683,HIGH,0.39296418862868543,0.6070358113713146,0,0
2023-01-17,18056.8,18053.3375,3.462499999997817,18053.3375,0.006928850902196734,HIGH,0.3949441305187755,0.6050558694812245,0,0
2023-01-18,18163.8,18036.885000000002,126.91499999999724,18036.885000000002,0.007183497683144296,HIGH,0.47591697712079134,0.5240830228792086,0,0
2023-01-19,18089.05,18034.697500000002,54.352499999997235,18034.697500000002,0.007246888466190583,HIGH,0.4971645610853292,0.5028354389146708,0,0
2023-01-20,18027.3,18033.414999999997,-6.114999999997963,18033.414999999997,0.007230230277967815,HIGH,0.49156951133786075,0.5084304886621392,0,0
2023-01-23,18104.95,18043.574999999997,61.37500000000364,18043.574999999997,0.007171603365155292,HIGH,0.471950693009171,0.528049306990829,0,0
2023-01-24,18101.15,18048.3425,52.80750000000262,18048.3425,0.007229591016096341,HIGH,0.49135489200975974,0.5086451079902403,0,0
2023-01-25,17910.05,18046.6,-136.54999999999927,18046.6,0.00713810336288907,HIGH,0.4608372229962886,0.5391627770037114,0,0
2023-01-27,17607.9,18036.7575,-428.85749999999825,18036.7575,0.007316074081186362,HIGH,0.5203795499753892,0.47962045002461084,0,0
2023-01-30,17667.25,18006.6325,-339.3824999999997,18006.6325,0.007553948987413297,HIGH,0.5967562742474873,0.40324372575251266,0,0
2023-01-31,17682.55,17984.1425,-301.5925000000025,17984.1425,0.007528081051129974,HIGH,0.5888974654255106,0.4111025345744894,0,0
2023-02-01,17605.4,17957.915,-352.5149999999994,17957.915,0.007324586422386309,HIGH,0.5232245864568386,0.47677541354316144,0,0
2023-02-02,17611.75,17926.47,-314.72000000000116,17926.47,0.007343147051208167,HIGH,0.5294127702969407,0.47058722970305933,0,0
2023-02-03,17830.8,17905.215000000004,-74.41500000000451,17905.215000000004,0.007184793279057054,HIGH,0.47634954472582575,0.5236504552741743,0,0
2023-02-06,17761.2,17896.765000000003,-135.56500000000233,17896.765000000003,0.007536295654664047,HIGH,0.59140831079265,0.40859168920735,0,0
2023-02-07,17720.4,17891.5325,-171.1324999999997,17891.5325,0.006989340806622975,HIGH,0.4131812103093404,0.5868187896906596,0,0
2023-02-08,17862.5,17188.324083363204,674.1759166367956,17873.115,0.006721364407736136,HIGH,0.339303486345701,0.660696513654299,0,0
2023-02-09,17897.1,17294.46736412811,602.632635871887,17869.972500000003,0.006760715164000578,HIGH,0.34895326482508887,0.6510467351749112,0,0
2023-02-10,17843.35,17324.10712248577,519.2428775142289,17870.4075,0.006771394054269849,HIGH,0.35164789702670196,0.648352102973298,0,0
2023-02-13,17764.55,17108.0896203644,656.4603796355987,17869.275,0.006690340977350184,HIGH,0.332009149965936,0.667990850034064,0,0
2023-02-14,17921.85,17859.9775,61.87249999999767,17859.9775,0.006675696017243234,HIGH,0.3286624275225189,0.671337572477481,0,0
2023-02-15,18023.2,17861.484999999993,161.71500000000742,17861.484999999993,0.006818207627718451,HIGH,0.3638357544394921,0.6361642455605079,0,0
2023-02-16,18015.25,17859.804999999997,155.44500000000335,17859.804999999997,0.006899281244843102,HIGH,0.38633010549410784,0.6136698945058922,0,0
2023-02-17,17942.6,17852.3775,90.22249999999985,17852.3775,0.006618485319907665,HIGH,0.3161834718032668,0.6838165281967332,0,0
2023-02-20,17847.7,17845.054999999997,2.6450000000040745,17845.054999999997,0.006648159982953742,HIGH,0.3225379879630744,0.6774620120369256,0,0
2023-02-21,17842.1,17836.075,6.024999999997817,17836.075,0.006579191286632487,HIGH,0.30815889244759853,0.6918411075524015,0,0
2023-02-22,17552.5,17822.9325,-270.432499999999,17822.9325,0.006160855143743915,HIGH,0.24759152587196975,0.7524084741280302,0,0
2023-02-23,17523.8,17795.499999999996,-271.6999999999971,17795.499999999996,0.00662241713298735,HIGH,0.31701081925499053,0.6829891807450095,0,0
2023-02-24,17465.45,17776.187499999996,-310.73749999999563,17776.187499999996,0.00661993111200099,HIGH,0.3164871831782139,0.6835128168217861,0,0
2023-02-27,17406.35,17769.064999999995,-362.7149999999965,17769.064999999995,0.0066364040133301515,HIGH,0.31999014251032815,0.6800098574896718,0,0
2023-02-28,17317.2,16500.19895839574,817.0010416042605,17756.019999999997,0.006572753446609919,HIGH,0.3068862063249641,0.6931137936750359,0,0
2023-03-01,17457.85,16564.812939971565,893.0370600284332,17737.7525,0.0066023105998159,HIGH,0.31282671262868406,0.6871732873713159,0,0
2023-03-02,17318.65,16448.495239524353,870.1547604756488,17730.374999999996,0.006548161615312443,HIGH,0.3021326489618296,0.6978673510381703,0,0
2023-03-03,17592.3,16404.140000917916,1188.1599990820832,17715.719999999998,0.006526329408034881,HIGH,0.29805469914170696,0.701945300858293,0,0
2023-03-06,17719.85,17703.795,16.05500000000029,17703.795,0.007202755150598529,HIGH,0.48235597769047045,0.5176440223095296,0,0
2023-03-08,17751.5,17701.7275,49.77249999999913,17701.7275,0.0073322765985442745,HIGH,0.5257912408886036,0.47420875911139637,0,0
2023-03-09,17582.8,17703.282499999998,-120.48249999999825,17703.282499999998,0.007290372977352124,HIGH,0.5117693184281792,0.4882306815718208,0,0
2023-03-10,17418.6,17689.297499999997,-270.6974999999984,17689.297499999997,0.007461994876664515,HIGH,0.5682265267392786,0.43177347326072135,0,0
2023-03-13,17184.6,17665.372499999994,-480.7724999999955,17665.372499999994,0.007412065336823601,HIGH,0.552129848562428,0.44787015143757203,0,0
2023-03-14,17068.65,17632.434999999994,-563.7849999999926,17632.434999999994,0.007182536245420476,HIGH,0.4755960417491838,0.5244039582508162,0,0
2023-03-15,16973.85,17597.64,-623.7900000000009,17597.64,0.007216442197186235,HIGH,0.48694272200400923,0.5130572779959908,0,0
2023-03-16,17010.15,17550.239999999998,-540.0899999999965,17550.239999999998,0.007248938732443482,HIGH,0.4978534069700102,0.5021465930299898,0,0
2023-03-17,17123.7,17499.5875,-375.8875000000007,17499.5875,0.0072530333871444926,HIGH,0.49922918444464626,0.5007708155553537,0,0
2023-03-20,17003.45,17455.010000000002,-451.5600000000013,17455.010000000002,0.0073834040981939015,HIGH,0.5427412499612944,0.45725875003870564,0,0
2023-03-21,17106.95,17408.0525,-301.1025000000009,17408.0525,0.0070318102007738215,HIGH,0.4264282800597352,0.5735717199402648,0,0
2023-03-22,17142.75,17371.015000000003,-228.26500000000306,17371.015000000003,0.007148919640589512,HIGH,0.46441506437676233,0.5355849356232376,0,0
2023-03-23,17068.45,17336.0475,-267.59749999999985,17336.0475,0.007170856236895337,HIGH,0.4717018704168999,0.5282981295831001,0,0
2023-03-24,16932.6,17311.845,-379.2450000000026,17311.845,0.006989034685504565,HIGH,0.4130869766403708,0.5869130233596291,0,0
2023-03-27,16963.45,17282.285,-318.8349999999991,17282.285,0.0070525035594528485,HIGH,0.4329992938422901,0.5670007061577099,0,0
2023-03-28,16956.85,17257.185,-300.33500000000276,17257.185,0.007079205999115908,HIGH,0.44157859788332765,0.5584214021166723,0,0
2023-03-29,17116.35,17234.71,-118.36000000000058,17234.71,0.007064189193192405,HIGH,0.4367405689484336,0.5632594310515664,0,0
2023-03-31,17358.3,17224.667499999996,133.63250000000335,17224.667499999996,0.007091551947294461,HIGH,0.4455800676635264,0.5544199323364736,0,0
2023-04-03,17399.7,17219.69,180.01000000000204,17219.69,0.007521799447582833,HIGH,0.5869681746620693,0.4130318253379307,0,0
2023-04-05,17561.0,17223.7425,337.2574999999997,17223.7425,0.0075489815321663515,HIGH,0.5952581430731008,0.40474185692689923,0,0
2023-04-06,17602.0,17222.177499999998,379.82250000000204,17222.177499999998,0.007753100970067195,HIGH,0.6518382267351784,0.34816177326482156,0,0
2023-04-10,17613.05,17216.284999999996,396.76500000000306,17216.284999999996,0.007723624832156097,HIGH,0.6443488327469388,0.35565116725306123,0,0
2023-04-11,17722.25,17209.3625,512.8875000000007,17209.3625,0.007726075369844282,HIGH,0.6449807540528265,0.3550192459471735,0,0
2023-04-12,17817.9,17216.335,601.5650000000023,17216.335,0.0072195376681017795,HIGH,0.48798098882248225,0.5120190111775178,0,0
2023-04-13,17828.15,17236.300000000003,591.8499999999985,17236.300000000003,0.0072659040912153505,HIGH,0.5035535996088549,0.49644640039114507,0,0
2023-04-17,17704.1,17268.4775,435.6224999999977,17268.4775,0.007229934737331558,HIGH,0.49147028842106244,0.5085297115789376,0,0
2023-04-18,17661.55,17300.25,361.2999999999993,17300.25,0.007325563930244524,HIGH,0.5235510349014547,0.4764489650985453,0,0
2023-04-19,17610.2,17334.635000000002,275.5649999999987,17334.635000000002,0.007270961948705462,HIGH,0.5052526795043917,0.4947473204956083,0,0
2023-04-20,17623.9,17364.6375,259.2625000000007,17364.6375,0.007163462921780991,HIGH,0.46924178221358026,0.5307582177864197,0,0
2023-04-21,17618.9,17389.6475,229.25250000000233,17389.6475,0.0069959856418157496,HIGH,0.4152312792647996,0.5847687207352004,0,0
2023-04-24,17748.0,16071.325163659987,1676.674836340013,17420.420000000002,0.006410187761358209,HIGH,0.27853317183435317,0.7214668281656469,0,0
2023-04-25,17761.95,17128.172491743804,633.7775082561966,17452.4725,0.006413054478571368,HIGH,0.27897250422074527,0.7210274957792547,0,0
2023-04-26,17817.95,17117.113343916117,700.836656083884,17483.432500000003,0.006406567500143465,HIGH,0.2779813247339411,0.7220186752660589,0,0
2023-04-27,17923.2,16794.527589515747,1128.6724104842542,17520.9075,0.006175703962934081,HIGH,0.24906947840736732,0.7509305215926327,0,0
2023-04-28,18048.9,16603.78734253412,1445.112657465881,17570.4375,0.00597085616870387,LOW,0.23197432577337607,0.7680256742266239,0,0
2023-05-02,18136.05,16355.769377285937,1780.2806227140627,17624.71,0.0054233148037584255,LOW,0.20974564022334624,0.7902543597766538,0,0
2023-05-03,18082.7,16037.112971740878,2045.5870282591222,17683.670000000002,0.005219693921844572,LOW,0.2062131825731458,0.7937868174268542,0,0
2023-05-04,18238.6,16022.715637722546,2215.884362277453,17731.987500000003,0.0051126533272280485,LOW,0.20489939130671436,0.7951006086932857,0,0
2023-05-05,18069.95,16040.745511504276,2029.204488495725,17776.0025,0.0052431467585084554,LOW,0.20654466054052775,0.7934553394594722,0,0
2023-05-08,18269.75,16118.036122089665,2151.713877910335,17809.515,0.005574930688174209,LOW,0.21359761416617376,0.7864023858338263,0,0
2023-05-09,18258.3,16113.898582754922,2144.401417245077,17844.952500000003,0.00556207224116544,LOW,0.21322005377648087,0.7867799462235191,0,0
2023-05-10,18311.1,15887.980694286483,2423.119305713515,17877.767499999998,0.005544466887829695,LOW,0.21271968809810185,0.7872803119018982,0,0
2023-05-11,18304.5,15888.441038911013,2416.0589610889874,17912.67,0.005545926665175747,LOW,0.21276046254210568,0.7872395374578943,0,0
2023-05-12,18312.2,15857.096822074227,2455.1031779257737,17941.782499999998,0.005434291008509123,LOW,0.20998418810301678,0.7900158118969832,0,0
2023-05-15,18384.6,15798.313018012526,2586.2869819874722,17966.497499999998,0.005101313596490593,LOW,0.20477748686371963,0.7952225131362803,0,0
2023-05-16,18276.75,15798.708441239243,2478.0415587607567,17994.32,0.005104600708833192,LOW,0.20481251097686531,0.7951874890231347,0,0
2023-05-17,18197.95,15443.494757394537,2754.4552426054634,18022.9525,0.005306087238960014,LOW,0.20752316469831342,0.7924768353016866,0,0
2023-05-18,18134.65,15439.534137594253,2695.115862405748,18049.7725,0.0052845381736891595,LOW,0.20717288342644763,0.7928271165735523,0,0
2023-05-19,18205.45,15391.390243620757,2814.0597563792435,18075.995000000003,0.004879362683125958,LOW,0.20291498813127026,0.7970850118687297,0,0
2023-05-22,18303.3,15392.670597347158,2910.6294026528412,18105.072500000002,0.004896460882862121,LOW,0.20302822392625633,0.7969717760737437,0,0
2023-05-23,18333.75,15382.581730114824,2951.1682698851764,18139.292500000003,0.0047399634664870675,LOW,0.20213595417454344,0.7978640458254566,0,0
2023-05-24,18287.0,16212.246148168771,2074.7538518312285,18168.58,0.004737003489713222,LOW,0.20212188873386736,0.7978781112661326,0,0
2023-05-25,18335.9,16215.05895921207,2120.841040787931,18194.8325,0.004787486745905928,LOW,0.20237492646638713,0.7976250735336129,0,0
2023-05-26,18491.9,16210.758422308742,2281.14157769126,18220.730000000003,0.004707818859941723,LOW,0.20198805436944048,0.7980119456305595,0,0
2023-05-29,18601.1,16217.799604858292,2383.3003951417068,18249.165,0.004831764263497916,LOW,0.20262147227031246,0.7973785277296875,0,0
2023-05-30,18639.95,16222.67101840827,2417.2789815917313,18276.775,0.004901100708421691,LOW,0.20305969987247904,0.7969403001275209,0,0
2023-05-31,18521.3,16128.969310039183,2392.330689960816,18301.97,0.004646938648798276,LOW,0.20173534534612889,0.7982646546538711,0,0
2023-06-01,18486.1,16137.888458313,2348.2115416869983,18323.9,0.0048164504584720606,LOW,0.20253344568142706,0.7974665543185729,0,0
2023-06-02,18525.85,16136.169245416366,2389.6807545836327,18336.274999999998,0.004788369316527198,LOW,0.20237960763017737,0.7976203923698226,0,0
2023-06-05,18599.9,16136.068638835626,2463.8313611643753,18359.07,0.004786670486864164,LOW,0.20237060518472444,0.7976293948152755,0,0
2023-06-06,18617.1,16136.27653217921,2480.823467820788,18375.577499999996,0.004790173908262184,LOW,0.20238920782952033,0.7976107921704797,0,0
2023-06-07,18730.35,16102.558658988539,2627.7913410114597,18393.517499999998,0.004681900256091652,LOW,0.20187626920293122,0.7981237307970688,0,0
2023-06-08,18646.9,16105.78882256326,2541.111177436742,18414.479999999996,0.00474698086431343,LOW,0.20216967228472427,0.7978303277152757,0,0
2023-06-09,18567.3,16113.223486913448,2454.076513086551,18431.6,0.004868457813596123,LOW,0.20284497970553553,0.7971550202944645,0,0
2023-06-12,18614.9,16115.95270345874,2498.9472965412606,18444.354999999996,0.0049059407038648355,LOW,0.20309288063276323,0.7969071193672368,0,0
2023-06-13,18718.65,16108.442900571972,2610.2070994280293,18455.870000000003,0.004794196805514542,LOW,0.20241074820829974,0.7975892517917003,0,0
2023-06-14,18749.65,16460.622906726396,2289.0270932736057,18477.965000000004,0.00481551175340386,LOW,0.20252814659353702,0.797471853406463,0,0
2023-06-15,18682.15,16457.259480530294,2224.890519469707,18505.550000000003,0.004758607680080517,LOW,0.20222670953428862,0.7977732904657113,0,0
2023-06-16,18823.6,16451.06080879442,2372.5391912055784,18532.925000000007,0.00463006888482612,LOW,0.20167117203461804,0.798328827965382,0,0
2023-06-19,18754.2,16443.238694774132,2310.9613052258683,18563.8325,0.00438676111316333,LOW,0.20097013835351196,0.799029861646488,0,0
2023-06-20,18833.7,16438.038345279634,2395.6616547203666,18586.377500000002,0.004094130632995674,LOW,0.20050407251252436,0.7994959274874757,0,0
2023-06-21,18862.1,16688.73411479769,2173.3658852023073,18611.375,0.004127538698544369,LOW,0.2005432064103312,0.7994567935896688,0,0
2023-06-22,18779.35,16688.557170330325,2090.7928296696737,18640.129999999997,0.004114291872983016,LOW,0.20052733856262528,0.7994726614373747,0,0
2023-06-23,18668.55,16690.140074891464,1978.4099251085354,18662.302499999998,0.004220813329536683,LOW,0.20066928868337774,0.7993307113166223,0,0
2023-06-26,18694.7,16693.630879932658,2001.0691200673427,18671.135,0.004392347066160155,LOW,0.20098233358152678,0.7990176664184732,0,0
2023-06-27,18818.6,16692.68820025669,2125.9117997433095,18675.815,0.0043521115157814025,LOW,0.20089779690311924,0.7991022030968807,0,0
2023-06-28,18991.9,16657.344651434174,2334.5553485658274,18684.747499999998,0.004313228408157639,LOW,0.20082301135978978,0.7991769886402103,0,0
2023-06-30,19183.2,16660.337260192533,2522.8627398074677,18708.2775,0.0044390140150040325,LOW,0.20109038394620746,0.7989096160537925,0,0
2023-07-03,19330.65,16665.639197297714,2665.010802702287,18743.1325,0.004600423906377169,LOW,0.20156408189715955,0.7984359181028404,0,0
2023-07-04,19385.55,16670.190826003683,2715.359173996316,18783.372500000005,0.0047039018135852035,LOW,0.20197074405643073,0.7980292559435693,0,0
2023-07-05,19415.3,16668.375546071176,2746.924453928823,18822.655000000002,0.0046654413927555705,LOW,0.20180855911017928,0.7981914408898207,0,0
2023-07-06,19486.25,17128.77254536229,2357.4774546377084,18862.565,0.004665731102632135,LOW,0.20180972962174729,0.7981902703782527,0,0
2023-07-07,19324.65,17125.99586836905,2198.654131630952,18900.36,0.004600296077356834,LOW,0.20156363527097582,0.7984363647290242,0,0
2023-07-10,19367.85,17148.187844555607,2219.662155444392,18934.2475,0.004965345311614405,LOW,0.20353048989081604,0.796469510109184,0,0
2023-07-11,19448.15,17136.38145362853,2311.7685463714697,18974.274999999998,0.0048076324849805,LOW,0.20248410022531987,0.7975158997746801,0,0
2023-07-12,19384.75,17133.836900971604,2250.9130990283957,19015.9375,0.004764975564736674,LOW,0.20225857884287818,0.7977414211571219,0,0
2023-07-13,19443.2,17509.13303688985,1934.0669631101518,19049.2425,0.004838704400753879,LOW,0.20266236186290204,0.797337638137098,0,0
2023-07-14,19587.35,17497.9056709903,2089.444329009697,19083.920000000002,0.004630308598669475,LOW,0.20167206713056018,0.7983279328694398,0,0
2023-07-17,19719.1,17500.832613840375,2218.267386159623,19129.18,0.004694599387568838,LOW,0.2019302341941643,0.7980697658058357,0,0
2023-07-18,19751.55,17504.97564939537,2246.574350604631,19173.954999999998,0.004772274117528117,LOW,0.20229566508175825,0.7977043349182418,0,0
2023-07-19,19847.15,17504.247706602557,2342.9022933974447,19223.8225,0.004759562190245188,LOW,0.20223145786524657,0.7977685421347535,0,0
2023-07-20,19969.95,17775.451014480077,2194.4989855199237,19274.495,0.00478162521897693,LOW,0.2023440687634455,0.7976559312365545,0,0
2023-07-21,19780.9,17775.62246688984,2005.277533110162,19329.8875,0.0047844984091070485,LOW,0.20235914429828505,0.797640855701715,0,0
2023-07-24,19665.4,17802.065522334877,1863.3344776651247,19379.965000000004,0.005092444149351272,LOW,0.2046842396654164,0.7953157603345836,0,0
2023-07-25,19678.85,17811.288610232437,1867.5613897675612,19429.807500000003,0.0051643350256541844,LOW,0.2054952109612959,0.7945047890387041,0,0
2023-07-26,19773.1,17811.730186467867,1961.369813532132,19479.015,0.005167507368036829,LOW,0.20553403804999448,0.7944659619500055,0,0
2023-07-27,19700.2,17841.1114456235,1859.0885543764998,19526.739999999998,0.005150733252785922,LOW,0.2053317723078782,0.7946682276921218,0,0
2023-07-28,19638.0,17855.354434374633,1782.6455656253675,19562.155,0.005245293300097466,LOW,0.2065758591757536,0.7934241408242464,0,0
2023-07-31,19742.5,17853.014636931024,1889.4853630689759,19584.894999999997,0.005231044659409019,LOW,0.20637148414436482,0.7936285158556352,0,0
2023-08-01,19736.1,17842.68849165285,1893.411508347148,19605.4875,0.005162223981470906,LOW,0.20546952304892227,0.7945304769510777,0,0
2023-08-02,19514.8,17832.479781179907,1682.3202188200921,19623.015,0.0050821051280716695,LOW,0.20457781956875765,0.7954221804312424,0,0
2023-08-03,19394.45,18147.857777069432,1246.5922229305688,19627.989999999998,0.005564274375212772,LOW,0.2132839795419484,0.7867160204580517,0,0
2023-08-04,19510.05,18208.18421892467,1301.8657810753284,19623.4,0.005718625289179871,LOW,0.2186007825210614,0.7813992174789386,0,0
2023-08-07,19597.95,18199.324045558977,1398.625954441024,19632.67,0.005698879881972158,LOW,0.21781990112482016,0.7821800988751798,0,0
2023-08-08,19570.8,18148.411899735678,1422.388100264321,19644.175,0.005565949758446699,LOW,0.2133328165187713,0.7866671834812287,0,0
2023-08-09,19630.95,18157.296401525244,1473.653598474757,19650.307500000003,0.005592023217959584,LOW,0.21411584207323786,0.7858841579267621,0,0
2023-08-10,19549.2,19662.6175,-113.41749999999956,19662.6175,0.005520525314289512,LOW,0.21206886703922612,0.7879311329607739,0,0
2023-08-11,19424.25,19667.917500000003,-243.6675000000032,19667.917500000003,0.005413938973262753,LOW,0.20954631932129017,0.7904536806787098,0,0
2023-08-14,19413.65,19659.762500000004,-246.1125000000029,19659.762500000004,0.005299919357225465,LOW,0.20742121511518455,0.7925787848848155,0,0
2023-08-16,19447.0,19644.49,-197.4900000000016,19644.49,0.0051281193549963236,LOW,0.20507064121067414,0.7949293587893258,0,0
2023-08-17,19346.2,19629.262500000004,-283.06250000000364,19629.262500000004,0.005112433289051575,LOW,0.20489699675229334,0.7951030032477067,0,0
2023-08-18,19281.5,17785.008554784017,1496.4914452159828,19604.215000000004,0.005191899302402175,LOW,0.20584179543402753,0.7941582045659725,0,0
2023-08-21,19380.6,17782.50915574935,1598.090844250648,19569.792500000003,0.005174603257607761,LOW,0.20562187299663204,0.794378127003368,0,0
2023-08-22,19390.05,17766.561079025018,1623.4889209749817,19549.7775,0.005045354157425252,LOW,0.20421859970719725,0.7957814002928028,0,0
2023-08-23,19441.55,17764.99463310094,1676.5553668990578,19536.01,0.005030421489968963,LOW,0.2040807679320814,0.7959192320679186,0,0
2023-08-24,19380.4,17761.673951140503,1618.7260488594984,19524.144999999997,0.0049970360171411755,LOW,0.20378858070610198,0.796211419293898,0,0
2023-08-25,19244.3,17792.97873959455,1451.3212604054497,19504.51,0.0049945820147669715,LOW,0.20376794244209476,0.7962320575579053,0,0
2023-08-28,19302.65,17806.459232451154,1496.1907675488474,19481.715,0.005116813195026869,LOW,0.20494487997963232,0.7950551200203677,0,0
2023-08-29,19352.95,17789.30115130815,1563.6488486918497,19464.9475,0.00495458112996949,LOW,0.2034468642925113,0.7965531357074886,0,0
2023-08-30,19340.05,17778.340914567205,1561.7090854327944,19445.47,0.004808689068810705,LOW,0.20248996203545513,0.7975100379645449,0,0
2023-08-31,19279.55,17777.188377957693,1502.3616220423064,19425.6675,0.004790198299379688,LOW,0.2023893378510465,0.7976106621489535,0,0
2023-09-01,19423.35,19413.905000000002,9.444999999996071,19413.905000000002,0.004696079338563958,LOW,0.20193662306407165,0.7980633769359283,0,0
2023-09-04,19535.4,19415.35,120.05000000000291,19415.35,0.004765001436477063,LOW,0.20225870924545458,0.7977412907545454,0,0
2023-09-05,19577.65,19416.6175,161.03250000000116,19416.6175,0.004634097466530587,LOW,0.2016862784963944,0.7983137215036056,0,0
2023-09-06,19618.9,19415.6025,203.29750000000058,19415.6025,0.004542949313648646,LOW,0.20137557260087272,0.7986244273991273,0,0
2023-09-07,19723.25,19418.0075,305.2425000000003,19418.0075,0.004558766839454596,LOW,0.20142506706062457,0.7985749329393754,0,0
2023-09-08,19820.5,19422.622500000005,397.87749999999505,19422.622500000005,0.004578500325365239,LOW,0.20148931281439061,0.7985106871856094,0,0
2023-09-11,20000.0,19436.187500000004,563.8124999999964,19436.187500000004,0.004613049194145443,LOW,0.20160882653104215,0.7983911734689578,0,0
2023-09-12,19985.65,19464.975,520.6750000000029,19464.975,0.004829769078684344,LOW,0.20260983326740656,0.7973901667325934,0,0
2023-09-13,20063.35,19493.575,569.7749999999978,19493.575,0.004754911568712847,LOW,0.2022084175319849,0.7977915824680151,0,0
2023-09-14,20101.85,19524.392499999998,577.4575000000004,19524.392499999998,0.00479307279813058,LOW,0.20240471037670074,0.7975952896232993,0,0
2023-09-15,20169.0,19562.175,606.8250000000007,19562.175,0.0042640356874376695,LOW,0.20073724536661414,0.7992627546333859,0,0
2023-09-18,20123.65,19606.55,517.1000000000022,19606.55,0.004068078438919156,LOW,0.2004755207334379,0.7995244792665621,0,0
2023-09-20,19909.55,19643.702499999996,265.8475000000035,19643.702499999996,0.004022361221473418,LOW,0.2004292675724005,0.7995707324275995,0,0
2023-09-21,19748.85,19669.677499999998,79.17250000000058,19669.677499999998,0.004484239911911321,LOW,0.2012064024794563,0.7987935975205437,0,0
2023-09-22,19684.6,19685.042500000003,-0.4425000000046566,19685.042500000003,0.004734869896305538,LOW,0.20211180743984883,0.7978881925601512,0,0
2023-09-25,19674.85,19700.2525,-25.402500000000146,19700.2525,0.004747831918733659,LOW,0.2021737974359961,0.7978262025640039,0,0
2023-09-26,19673.6,19721.779999999995,-48.17999999999665,19721.779999999995,0.004683191562124435,LOW,0.20188168720440888,0.7981183127955911,0,0
2023-09-27,19728.2,19740.327499999996,-12.127499999995052,19740.327499999996,0.004519596997774727,LOW,0.20130561921600396,0.798694380783996,0,0
2023-09-28,19553.3,19759.09,-205.79000000000087,19759.09,0.004535041217505397,LOW,0.2013514743298662,0.7986485256701338,0,0
2023-09-29,19638.2,19769.752499999995,-131.55249999999432,19769.752499999995,0.004833810504545757,LOW,0.2026334627920257,0.7973665372079743,0,0
2023-10-03,19522.95,19787.685,-264.7350000000006,19787.685,0.004782768157278727,LOW,0.20235005419553498,0.797649945804465,0,0
2023-10-04,19446.15,19792.665,-346.5149999999994,19792.665,0.00487164210456142,LOW,0.20286524782685914,0.7971347521731409,0,0
2023-10-05,19546.6,19788.202500000003,-241.6025000000045,19788.2025,0.004851200849817339,LOW,0.20273759530417418,0.7972624046958259,0,0
2023-10-06,19649.9,19786.65,-136.75,19786.65,0.004934764960507637,LOW,0.20329803185018994,0.7967019681498101,0,0
2023-10-09,19497.5,19788.200000000004,-290.70000000000437,19788.200000000004,0.004998905090175035,LOW,0.20380437500993598,0.796195624990064,0,0
2023-10-10,19691.5,17521.391807265656,2170.108192734344,19776.9125,0.005173480670692398,LOW,0.20560788590084228,0.7943921140991577,0,0
2023-10-11,19808.5,17537.577149712557,2270.922850287443,19770.4625,0.005275500992263052,LOW,0.20703082403920642,0.7929691759607935,0,0
2023-10-12,19782.9,17550.268598635328,2232.6314013646734,19760.8875,0.005342098647222902,LOW,0.2081465957173501,0.7918534042826499,0,0
2023-10-13,19730.95,17550.98145637792,2179.9685436220825,19750.750000000004,0.005345567094151609,LOW,0.20820926677126708,0.791790733228733,0,0
2023-10-16,19730.95,17557.08199352146,2173.8680064785403,19734.13,0.0053742247075713335,LOW,0.20874559691037498,0.791254403089625,0,0
2023-10-17,19818.35,17725.615561655104,2092.7344383448944,19715.585000000003,0.005329619636744875,LOW,0.20792499219324545,0.7920750078067545,0,0
2023-10-18,19668.25,17707.742331619065,1960.5076683809348,19698.0525,0.005230691492087007,LOW,0.20636649912124122,0.7936335008787587,0,0
2023-10-19,19611.9,17729.032723073255,1882.8672769267469,19675.2825,0.005346321374987562,LOW,0.20822295861483653,0.7917770413851635,0,0
2023-10-20,19541.75,17732.32697748066,1809.4230225193387,19660.4,0.005361866734641699,LOW,0.20851020790671082,0.7914897920932892,0,0
2023-10-23,19278.45,17737.816908030167,1540.633091969834,19650.045000000002,0.0053866591198767225,LOW,0.20898891369799424,0.7910110863020058,0,0
2023-10-25,19125.65,17695.496112787416,1430.1538872125857,19629.737500000003,0.005800959788899683,LOW,0.22222849210389856,0.7777715078961014,0,0
2023-10-26,18848.5,17718.338580806303,1130.161419193697,19602.277500000004,0.005841108542325412,LOW,0.22423574187289477,0.7757642581271053,0,0
2023-10-27,19060.5,17830.8982014134,1229.6017985865983,19561.0225,0.006001635042153904,HIGH,0.23412676031604548,0.7658732396839545,0,0
2023-10-30,19148.85,18405.08704609055,743.7629539094487,19527.637500000004,0.006448526274268331,HIGH,0.2845827979423384,0.7154172020576617,0,0
2023-10-31,19086.55,18447.23559945177,639.3144005482282,19507.415,0.0064708782089132645,HIGH,0.2882865428234901,0.7117134571765099,0,0
2023-11-01,18990.4,18484.253387963963,506.1466120360383,19479.832499999997,0.006444950700017409,HIGH,0.284002518993272,0.715997481006728,0,0
2023-11-02,19144.85,18405.11935412479,739.73064587521,19453.205,0.006401013602940555,HIGH,0.2771411421788502,0.7228588578211498,0,0
2023-11-03,19226.05,18939.92656676657,286.12343323342793,19438.14,0.006652606112563966,HIGH,0.32351200981923267,0.6764879901807673,0,0
2023-11-06,19411.85,18622.825088181024,789.0249118189749,19422.1125,0.006515148403946806,HIGH,0.29601748404530837,0.7039825159546916,0,0
2023-11-07,19417.2,18961.118361417604,456.0816385823964,19410.21,0.0066609233901110025,HIGH,0.32534946055212605,0.6746505394478739,0,0
2023-11-08,19436.45,18737.42758896046,699.0224110395393,19406.195,0.006643626123671815,HIGH,0.3215506388728604,0.6784493611271396,0,0
2023-11-09,19404.0,18750.089074321102,653.9109256788979,19393.442499999997,0.006648686830716985,HIGH,0.3226531066181474,0.6773468933818526,0,0
2023-11-10,19443.45,18758.88859349028,684.5614065097216,19373.2175,0.006652184055444269,HIGH,0.32341930314104594,0.6765806968589541,0,0
2023-11-13,19440.15,18732.168823747048,707.9811762529534,19356.245000000003,0.0066415141728611874,HIGH,0.32109274480571964,0.6789072551942803,0,0
2023-11-15,19676.8,18324.702623022276,1352.097376977723,19341.705,0.0064548278119280185,HIGH,0.28561362598209883,0.7143863740179012,0,0
2023-11-16,19761.15,19338.9975,422.15250000000015,19338.9975,0.00677881808035577,HIGH,0.35354012687509817,0.6464598731249018,0,0
2023-11-17,19719.7,19336.137500000004,383.56249999999636,19336.137500000004,0.0067266906230856365,HIGH,0.34058369235058433,0.6594163076494157,0,0
2023-11-20,19693.65,19338.710000000003,354.9399999999987,19338.710000000003,0.006695076972737953,HIGH,0.33310471939477526,0.6668952806052247,0,0
2023-11-21,19780.8,19342.7975,438.0024999999987,19342.7975,0.006644685536511408,HIGH,0.3217808171394169,0.678219182860583,0,0
2023-11-22,19810.6,19354.75,455.84999999999854,19354.75,0.00662488470259246,HIGH,0.3175323307540012,0.6824676692459988,0,0
2023-11-23,19811.0,19381.357500000002,429.6424999999981,19381.357500000002,0.006458397613744735,HIGH,0.2862022204893862,0.7137977795106139,0,0
2023-11-24,19788.7,19415.625,373.0750000000007,19415.625,0.006219701991582817,HIGH,0.253697065298511,0.746302934701489,0,0
2023-11-28,19908.45,19462.635,445.8150000000023,19462.635,0.00613161627766424,HIGH,0.24479965856827626,0.7552003414317238,0,0
2023-11-29,20096.2,19505.0325,591.1674999999996,19505.0325,0.00622181075477056,HIGH,0.2539284600311241,0.7460715399688759,0,0
2023-11-30,20127.2,19552.4,574.7999999999993,19552.4,0.006409990201581297,HIGH,0.2785029718414107,0.7214970281585893,0,0
2023-12-01,20255.75,18319.133272459858,1936.6167275401422,19604.432500000003,0.0064110609668700325,HIGH,0.278666772693271,0.721333227306729,0,0
2023-12-04,20686.8,18406.521331010277,2280.278668989722,19667.700000000004,0.00645843810149569,HIGH,0.2862089154464186,0.7137910845535814,0,0
2023-12-05,20856.7,19744.7975,1111.9025000000001,19744.7975,0.007229235247509138,HIGH,0.4912354536771124,0.5087645463228876,0,0
2023-12-06,20935.9,19826.33,1109.5699999999997,19826.33,0.007269267994963021,HIGH,0.5046836638254518,0.4953163361745482,0,0
2023-12-07,20916.1,19902.5325,1013.5674999999974,19902.5325,0.0071989124491767115,HIGH,0.4810696217769474,0.5189303782230525,0,0
2023-12-08,20972.1,18304.5594039111,2667.5405960889,19977.4775,0.0066038516310856915,HIGH,0.3131432855566226,0.6868567144433775,0,0
2023-12-11,20992.8,17682.913636232115,3309.886363767884,20054.260000000002,0.006299734032752819,HIGH,0.2631309863441113,0.7368690136558886,0,0
2023-12-12,20900.4,17013.15991901869,3887.2400809813116,20133.7,0.005399556526385797,LOW,0.2092483331587899,0.7907516668412101,0,0
2023-12-13,20937.45,17011.820060212198,3925.629939787803,20206.5475,0.005394241215700814,LOW,0.20914053958402956,0.7908594604159704,0,0
2023-12-14,21195.25,17011.05474117813,4184.19525882187,20281.4125,0.005391177382780428,LOW,0.2090789685631768,0.7909210314368232,0,0
2023-12-15,21448.7,20357.335000000003,1091.364999999998,20357.335000000003,0.005510076384095461,LOW,0.2117951550770129,0.788204844922987,0,0
2023-12-18,21410.8,20441.7125,969.0874999999978,20441.7125,0.0054733668197868915,LOW,0.2108809329174373,0.7891190670825627,0,0
2023-12-19,21446.0,20526.2675,919.7324999999983,20526.2675,0.0055169118683880925,LOW,0.21197351544988677,0.7880264845501133,0,0
2023-12-20,21101.5,20613.885000000002,487.61499999999796,20613.885000000002,0.005528603965050872,LOW,0.21228474445776002,0.78771525554224,0,0
2023-12-21,21283.0,20679.920000000002,603.0799999999981,20679.920000000002,0.006461518871225193,HIGH,0.2867196143275527,0.7132803856724472,0,0
2023-12-22,21332.35,20753.54,578.8099999999977,20753.54,0.006525339017745599,HIGH,0.2978728520882967,0.7021271479117033,0,0
2023-12-26,21454.15,20829.607500000002,624.5424999999996,20829.607500000002,0.006515672563246731,HIGH,0.2961122171693308,0.7038877828306692,0,0
2023-12-27,21648.95,20912.879999999997,736.0700000000033,20912.879999999997,0.006469773722869755,HIGH,0.2881004190614625,0.7118995809385376,0,0
2023-12-28,21773.7,20999.905000000002,773.7949999999983,20999.905000000002,0.006544091719986162,HIGH,0.30136235910317594,0.698637640896824,0,0
2023-12-29,21728.3,21083.78,644.5200000000004,21083.78,0.006517155917961205,HIGH,0.2963807189150435,0.7036192810849565,0,0
2024-01-01,21689.45,21163.835,525.6150000000016,21163.835,0.0064100474494813995,HIGH,0.27851172203147323,0.7214882779685268,0,0
2024-01-02,21661.5,21235.520000000004,425.9799999999959,21235.52,0.0064716132133128025,HIGH,0.288410583177219,0.711589416822781,0,0
2024-01-03,21523.7,21284.255,239.4449999999997,21284.255,0.0064515002724216345,HIGH,0.28506799644325176,0.7149320035567482,0,0
2024-01-04,21669.6,21317.605000000003,351.99499999999534,21317.605000000003,0.006629389572054942,HIGH,0.3184889482470544,0.6815110517529456,0,0
2024-01-05,21709.55,21354.29,355.2599999999984,21354.29,0.006659733082095943,HIGH,0.32508526953586336,0.6749147304641366,0,0
2024-01-08,21511.35,21393.9625,117.38749999999709,21393.9625,0.006657421869573065,HIGH,0.32457346376184143,0.6754265362381586,0,0
2024-01-09,21551.95,21420.925,131.02500000000146,21420.925,0.006992924608194318,HIGH,0.41428580335934473,0.5857141966406553,0,0
2024-01-10,21625.4,21448.8825,176.51750000000175,21448.8825,0.006958162170803389,HIGH,0.4036823511196144,0.5963176488803856,0,0
2024-01-11,21669.4,21485.1325,184.26750000000175,21485.1325,0.006933966492621484,HIGH,0.39645521159770375,0.6035447884022962,0,0
2024-01-12,21908.25,21521.730000000003,386.5199999999968,21521.730000000003,0.006824406919972785,HIGH,0.3654948220595612,0.6345051779404388,0,0
2024-01-15,22109.8,21557.380000000005,552.4199999999946,21557.380000000005,0.006987307512386187,HIGH,0.4125556498775481,0.5874443501224519,0,0
2024-01-16,22031.6,21590.435,441.16499999999724,21590.435,0.007052107633598682,HIGH,0.43287290994014094,0.5671270900598591,0,0
2024-01-17,21577.25,21621.475,-44.224999999998545,21621.475,0.006283795934641479,HIGH,0.26114249821022845,0.7388575017897716,0,0
2024-01-18,21477.25,21628.037499999995,-150.7874999999949,21628.0375,0.007406494982017062,HIGH,0.55031276544383,0.44968723455617,0,0
2024-01-19,21638.2,21646.824999999997,-8.624999999996362,21646.824999999997,0.0074601760651574886,HIGH,0.5676467422828875,0.4323532577171125,0,0
2024-01-20,21586.95,21664.585,-77.6349999999984,21664.585,0.0075449705203092955,HIGH,0.5940445925708266,0.40595540742917335,0,0
2024-01-23,21243.05,21677.315000000002,-434.26500000000306,21677.315000000002,0.007564916073318299,HIGH,0.600044735832497,0.39995526416750304,0,0
2024-01-24,21460.7,21666.760000000002,-206.0600000000013,21666.760000000002,0.008158664868520705,HIGH,0.7299447273033364,0.27005527269666363,0,0
2024-01-25,21370.75,21657.3475,-286.59749999999985,21657.3475,0.008291996836872137,HIGH,0.746417148621003,0.25358285137899705,0,0
2024-01-29,21744.8,21637.2,107.59999999999854,21637.2,0.00833979205967874,HIGH,0.7514169068941909,0.24858309310580906,0,0
2024-01-30,21530.55,21638.024999999998,-107.47499999999854,21638.024999999998,0.008621720904392779,HIGH,0.7731463681982573,0.22685363180174267,0,0
2024-01-31,21708.3,21630.079999999998,78.22000000000116,21630.079999999998,0.008579288850686066,HIGH,0.7705999414005951,0.22940005859940493,0,0
2024-02-01,21690.3,21632.42,57.88000000000102,21632.42,0.0086923964550024,HIGH,0.7769270358544917,0.22307296414550826,0,0
2024-02-02,21853.3,21640.749999999996,212.5500000000029,21640.749999999996,0.008692512020550784,HIGH,0.7769327783439766,0.22306722165602344,0,0
2024-02-05,21761.3,21649.934999999998,111.3650000000016,21649.934999999998,0.008213857707870217,HIGH,0.7372396570078921,0.26276034299210793,0,0
2024-02-06,21938.8,21652.5225,286.27750000000015,21652.5225,0.008150374923874347,HIGH,0.7287875186843076,0.2712124813156924,0,0
2024-02-07,21949.8,21673.894999999997,275.9050000000025,21673.894999999997,0.008253803358567999,HIGH,0.7420930208563383,0.2579069791436617,0,0
2024-02-08,21759.7,21693.7875,65.91250000000218,21693.7875,0.00820649951967654,HIGH,0.7363073618655132,0.26369263813448685,0,0
2024-02-09,21786.0,21700.502499999995,85.49750000000495,21700.5025,0.008227759936533068,HIGH,0.7389682297426743,0.2610317702573257,0,0
2024-02-12,21612.6,21706.3325,-93.73250000000189,21706.3325,0.008165338142083383,HIGH,0.7308643736402907,0.26913562635970933,0,0
2024-02-13,21728.0,21691.55,36.45000000000073,21691.55,0.008284007901991918,HIGH,0.7455374570672504,0.2544625429327496,0,0
2024-02-14,21848.7,21672.46,176.2400000000016,21672.46,0.008336155363273144,HIGH,0.7510519392951531,0.24894806070484687,0,0
2024-02-15,21927.05,21663.315,263.7350000000006,21663.315,0.008389292291934011,HIGH,0.7561432298307313,0.24385677016926866,0,0
2024-02-16,22033.5,21680.805,352.6949999999997,21680.805,0.008315588436882685,HIGH,0.7489405319130851,0.2510594680869149,0,0
2024-02-19,22116.95,21708.6175,408.33250000000044,21708.6175,0.008275527920121874,HIGH,0.7445894909240154,0.2554105090759846,0,0
2024-02-20,22208.15,21732.555,475.59500000000116,21732.555,0.008292871136723456,HIGH,0.7465126392303212,0.2534873607696788,0,0
2024-02-21,22028.75,21763.615,265.1349999999984,21763.615,0.008110928533088771,HIGH,0.7230524768841105,0.27694752311588955,0,0
2024-02-22,22216.9,21802.9,414.0,21802.9,0.008273976092729006,HIGH,0.7444144177321401,0.2555855822678599,0,0
2024-02-23,22194.25,21840.710000000003,353.53999999999724,21840.710000000003,0.008378953519503901,HIGH,0.7551924341350174,0.24480756586498265,0,0
2024-02-26,22117.15,21881.885000000002,235.26499999999942,21881.885000000002,0.008383109732423864,HIGH,0.7555769131970564,0.24442308680294356,0,0
2024-02-27,22194.2,21900.502500000002,293.6974999999984,21900.502500000002,0.008198224331255971,HIGH,0.7352443208964152,0.2647556791035848,0,0
2024-02-28,21926.25,21933.685000000005,-7.435000000004948,21933.685000000005,0.00805621055270154,HIGH,0.7144493933606217,0.28555060663937826,0,0
2024-02-29,22042.05,21944.582500000004,97.4674999999952,21944.582500000004,0.008330218094417315,HIGH,0.7504507223038404,0.24954927769615964,0,0
2024-03-01,22326.05,21962.170000000002,363.8799999999974,21962.170000000002,0.007440684763789021,HIGH,0.5614008637812558,0.43859913621874425,0,0
2024-03-04,22397.65,21985.8075,411.8425000000025,21985.8075,0.00767744200403522,HIGH,0.6321306951290686,0.3678693048709314,0,0
2024-03-05,22358.5,22017.625,340.875,22017.625,0.007600912862837358,HIGH,0.610646359036634,0.389353640963366,0,0
2024-03-06,22480.05,22038.61,441.4399999999987,22038.61,0.007592125242021715,HIGH,0.6080861368084465,0.3919138631915535,0,0
2024-03-07,22483.5,22065.1225,418.3774999999987,22065.1225,0.006916253718330789,HIGH,0.3912490078613341,0.6087509921386659,0,0
2024-03-11,22319.85,22101.312500000004,218.5374999999949,22101.312500000004,0.00674703672732918,HIGH,0.345548895207467,0.654451104792533,0,0
2024-03-12,22333.7,22128.004999999997,205.69500000000335,22128.004999999997,0.00685739817440616,HIGH,0.3744966730565512,0.6255033269434488,0,0
2024-03-13,21981.05,22164.059999999998,-183.0099999999984,22164.059999999998,0.006189144425643374,HIGH,0.25044317781484293,0.7495568221851571,0,0
2024-03-14,22153.05,22176.7125,-23.662500000002183,22176.7125,0.0066180266338668305,HIGH,0.31608724339925176,0.6839127566007482,0,0
2024-03-15,21996.35,22191.93,-195.58000000000175,22191.93,0.006602240958583868,HIGH,0.31281242236828594,0.687187577631714,0,0
2024-03-18,22051.5,22195.394999999997,-143.8949999999968,22195.394999999997,0.006744272557292224,HIGH,0.3448673930810563,0.6551326069189437,0,0
2024-03-19,21810.35,22196.295,-385.9449999999997,22196.295,0.006629735161552724,HIGH,0.3185625767155286,0.6814374232844713,0,0
2024-03-20,21855.1,22180.965,-325.8650000000016,22180.965,0.006890243909371995,HIGH,0.38373951006392704,0.616260489936073,0,0
2024-03-21,22014.6,22163.312499999996,-148.71249999999782,22163.312499999996,0.006738333442166692,HIGH,0.3434104851944599,0.6565895148055401,0,0
2024-03-22,22080.8,22162.605,-81.80500000000029,22162.605,0.006867740783114362,HIGH,0.3773774513126187,0.6226225486873813,0,0
2024-03-26,22018.25,22155.799999999996,-137.54999999999563,22155.799999999996,0.006686967681315081,HIGH,0.33123276809592683,0.6687672319040732,0,0
2024-03-27,22147.2,22146.999999999996,0.20000000000436557,22146.999999999996,0.006711828215568424,HIGH,0.33703175303213057,0.6629682469678695,0,0
2024-03-28,22343.1,22148.5025,194.59749999999985,22148.5025,0.0065968354785082015,HIGH,0.3117074687057039,0.688292531294296,0,0
2024-04-01,22469.05,22155.9475,313.1025000000009,22155.9475,0.006704893255098178,HIGH,0.33539614756455255,0.6646038524354474,0,0
2024-04-02,22464.3,22183.0875,281.2124999999978,22183.0875,0.00670677848080243,HIGH,0.3358394036231628,0.6641605963768372,0,0
2024-04-03,22445.55,22204.199999999997,241.35000000000218,22204.199999999997,0.006691423078670707,HIGH,0.332258898748539,0.667741101251461,0,0
2024-04-04,22541.2,22210.174999999996,331.0250000000051,22210.174999999996,0.0066547858301410495,HIGH,0.3239916152829686,0.6760083847170314,0,0
2024-04-05,22523.4,22217.352499999997,306.0475000000042,22217.352499999997,0.006662799516148857,HIGH,0.32576670334615343,0.6742332966538466,0,0
2024-04-08,22661.0,22225.5975,435.40250000000015,22225.5975,0.006635481687021877,HIGH,0.31979193938988026,0.6802080606101197,0,0
2024-04-09,22642.05,22234.645,407.40499999999884,22234.645,0.006511858906426258,HIGH,0.29542468670978883,0.7045753132902112,0,0
2024-04-10,22735.05,22242.572500000002,492.47749999999724,22242.572500000002,0.006364511673531643,HIGH,0.2718095387898923,0.7281904612101078,0,0
2024-04-12,22519.4,22263.3325,256.067500000001,22263.3325,0.006386520129893527,HIGH,0.27498489261343434,0.7250151073865656,0,0
2024-04-15,22277.45,22272.6175,4.832500000000437,22272.6175,0.0066102017270637855,HIGH,0.3144549732539548,0.6855450267460452,0,0
2024-04-16,22177.45,22287.4375,-109.98749999999927,22287.4375,0.006893953435065754,HIGH,0.3848004306400087,0.6151995693599913,0,0
2024-04-18,22045.75,22288.6575,-242.90750000000116,22288.6575,0.00656923127226589,HIGH,0.3061948922227309,0.6938051077772691,0,0
2024-04-19,22149.7,22291.127500000002,-141.4275000000016,22291.127500000002,0.006599743744315831,HIGH,0.3123009172418482,0.6876990827581517,0,0
2024-04-22,22370.5,22296.0375,74.46250000000146,22296.0375,0.006225850486877229,HIGH,0.2543742510671923,0.7456257489328078,0,0
2024-04-23,22361.0,22324.045000000002,36.95499999999811,22324.045000000002,0.006462769310641452,HIGH,0.2869276158119998,0.7130723841880002,0,0
2024-04-24,22412.2,22349.34,62.86000000000058,22349.34,0.006455462732002407,HIGH,0.28571806710131153,0.7142819328986885,0,0
2024-04-25,22559.25,22369.22,190.02999999999884,22369.22,0.006391979011907778,HIGH,0.27579090078133794,0.7242090992186621,0,0
2024-04-26,22450.2,22393.142499999998,57.05750000000262,22393.142499999998,0.006502291495440385,HIGH,0.293717416781823,0.7062825832181769,0,0
2024-04-29,22633.15,22414.739999999998,218.4100000000035,22414.739999999998,0.006423274870809504,HIGH,0.2805558020529013,0.7194441979470987,0,0
2024-04-30,22587.75,22439.0375,148.71250000000146,22439.0375,0.006578899670188256,HIGH,0.30810098855190915,0.6918990114480909,0,0
2024-05-02,22656.75,22451.270000000004,205.47999999999593,22451.270000000004,0.005860523695558831,LOW,0.22526764806885766,0.7747323519311423,0,0
2024-05-03,22456.7,22460.655000000002,-3.9550000000017462,22460.655000000002,0.005735221278089707,LOW,0.21928264390668262,0.7807173560933174,0,0
2024-05-06,22458.0,22460.275,-2.275000000001455,22460.275,0.0058240779931303934,LOW,0.22336391816822118,0.7766360818317788,0,0
2024-05-07,22304.5,22460.8975,-156.39749999999913,22460.8975,0.00581523208380721,LOW,0.2229230328141851,0.7770769671858149,0,0
2024-05-08,22306.75,22449.062500000004,-142.31250000000364,22449.062500000004,0.005582785629888068,LOW,0.21383341889592355,0.7861665811040764,0,0
2024-05-09,21968.15,22438.230000000003,-470.08000000000175,22438.230000000003,0.005578583994875826,LOW,0.2137067937328904,0.7862932062671096,0,0
2024-05-10,22054.0,22403.5875,-349.58750000000146,22403.5875,0.006133235469791561,HIGH,0.2449502472270942,0.7550497527729059,0,0
2024-05-13,22119.4,22374.185,-254.78499999999985,22374.185,0.006150321980923507,HIGH,0.24656790576908366,0.7534320942309163,0,0
2024-05-14,22223.8,22343.402500000004,-119.60250000000451,22343.402500000004,0.006150509960634669,HIGH,0.24658599577460863,0.7534140042253914,0,0
2024-05-15,22210.4,22328.6225,-118.22249999999985,22328.6225,0.006118930706885014,HIGH,0.24363583409637785,0.7563641659036222,0,0
2024-05-16,22392.35,22325.27,67.07999999999811,22325.27,0.005902721936977679,LOW,0.2276571221294796,0.7723428778705204,0,0
2024-05-17,22465.55,22336.015,129.53499999999985,22336.015,0.006002841759182491,HIGH,0.23421386456282167,0.7657861354371783,0,0
2024-05-21,22507.55,22357.004999999997,150.5450000000019,22357.004999999997,0.006033295341842744,HIGH,0.2364823952529898,0.7635176047470102,0,0
2024-05-22,22620.5,22374.8975,245.60250000000087,22374.8975,0.0060403019593223365,HIGH,0.23702388933553437,0.7629761106644657,0,0
2024-05-23,22951.0,22387.3975,563.6025000000009,22387.3975,0.006059084131274236,HIGH,0.2385126851865546,0.7614873148134453,0,0
2024-05-24,22952.0,22416.8975,535.1025000000009,22416.8975,0.00658221181442714,HIGH,0.3087600775416968,0.6912399224583032,0,0
2024-05-27,22931.05,22443.8875,487.16249999999854,22443.8875,0.006503933297024474,HIGH,0.29400861074965623,0.7059913892503438,0,0
2024-05-28,22868.65,22462.4775,406.1725000000006,22462.4775,0.00650444323724729,HIGH,0.2940992048176693,0.7059007951823306,0,0
2024-05-29,22705.8,22483.4,222.39999999999782,22483.4,0.00649121089022239,HIGH,0.29177132289641805,0.708228677103582,0,0
2024-05-30,22557.1,22487.0325,70.06749999999738,22487.0325,0.006385385946405192,HIGH,0.27481835417049466,0.7251816458295053,0,0
2024-05-31,22550.45,22485.5,64.95000000000073,22485.5,0.006182654226664267,HIGH,0.24977553114197265,0.7502244688580273,0,0
2024-06-03,23305.95,22480.185,825.7649999999994,22480.185,0.006116963458410197,HIGH,0.2434578654753505,0.7565421345246495,0,0
2024-06-04,21996.45,22522.6475,-526.1974999999984,22522.6475,0.008325172171487396,HIGH,0.7499344901603759,0.25006550983962406,0,0
2024-06-05,22573.0,22499.57,73.43000000000029,22499.57,0.013543210464033112,HIGH,0.7999995417131938,0.20000045828680624,0,0
2024-06-06,22849.05,22512.995000000003,336.05499999999665,22512.995000000003,0.014227321783306688,HIGH,0.7999999010042369,0.2000000989957631,0,0
2024-06-07,23270.05,22540.11,729.9399999999987,22540.11,0.01438428848168846,HIGH,0.7999999303509167,0.20000006964908335,0,0
2024-06-10,23234.45,22605.204999999998,629.2450000000026,22605.204999999998,0.01472396153029061,HIGH,0.7999999674558604,0.20000003254413956,0,0
2024-06-11,23261.8,22664.2275,597.5724999999984,22664.2275,0.014698601033732262,HIGH,0.799999965553577,0.200000034446423,0,0
2024-06-12,23308.4,22721.347499999996,587.0525000000052,22721.347499999996,0.014658696062938683,HIGH,0.7999999623326812,0.20000003766731878,0,0
2024-06-13,23399.35,22775.5775,623.7724999999991,22775.5775,0.014603293578804362,HIGH,0.7999999573556342,0.20000004264436577,0,0
2024-06-14,23454.15,22835.025,619.125,22835.025,0.014601473908522138,HIGH,0.7999999571814576,0.20000004281854245,0,0
2024-06-18,23562.3,22888.114999999998,674.1850000000013,22888.114999999998,0.014598991002046584,HIGH,0.7999999569426481,0.20000004305735186,0,0
2024-06-19,23521.4,22942.9525,578.447500000002,22942.9525,0.014490592121304498,HIGH,0.7999999451090793,0.20000005489092065,0,0
2024-06-20,23579.15,22993.645,585.505000000001,22993.645,0.014500548386251057,HIGH,0.799999946319716,0.20000005368028395,0,0
2024-06-21,23453.15,23041.577500000003,411.5724999999984,23041.577500000003,0.0144168259830335,HIGH,0.7999999352466718,0.2000000647533282,0,0
2024-06-24,23548.65,23066.685000000005,481.9649999999965,23066.685000000005,0.01447212974544005,HIGH,0.799999942791418,0.20000005720858205,0,0
2024-06-25,23721.9,23096.517500000005,625.3824999999961,23096.517500000005,0.014128764936426341,HIGH,0.799999876548829,0.20000012345117102,0,0
2024-06-26,23840.25,23136.060000000005,704.189999999995,23136.060000000005,0.014154976677855606,HIGH,0.799999883588532,0.20000011641146798,0,0
2024-06-27,24036.1,23184.640000000003,851.4599999999955,23184.640000000003,0.014162118871128386,HIGH,0.7999998854361345,0.20000011456386546,0,0
2024-06-28,24009.8,23251.155000000002,758.6449999999968,23251.155000000002,0.014193879124347815,HIGH,0.7999998933034254,0.20000010669657464,0,0
2024-07-01,24123.15,23323.79,799.3600000000006,23323.79,0.014197866403560758,HIGH,0.7999998942521491,0.20000010574785088,0,0
2024-07-02,24117.8,23402.425,715.375,23402.425,0.014166292412322005,HIGH,0.7999998865021769,0.2000001134978231,0,0
2024-07-03,24290.8,23443.017499999998,847.7825000000012,23443.017499999998,0.014173694108100772,HIGH,0.7999998883684452,0.20000011163155484,0,0
2024-07-04,24304.65,23557.735,746.9150000000009,23557.735,0.01419917627082043,HIGH,0.7999998945619713,0.2000001054380287,0,0
2024-07-05,24316.75,23644.3175,672.432499999999,23644.3175,0.01419584099627294,HIGH,0.7999998937712876,0.20000010622871245,0,0
2024-07-08,24331.05,23717.7025,613.3474999999999,23717.7025,0.014019070148750723,HIGH,0.7999998421629022,0.2000001578370978,0,0
2024-07-09,24417.25,23770.752500000002,646.4974999999977,23770.752500000002,0.01401697311927379,HIGH,0.7999998414197382,0.20000015858026177,0,0
2024-07-10,24312.4,23829.8925,482.5074999999997,23829.8925,0.014009485259621016,HIGH,0.7999998387374547,0.20000016126254527,0,0
2024-07-11,24338.5,23882.4225,456.0774999999994,23882.4225,0.014030430060889467,HIGH,0.7999998461286102,0.2000001538713898,0,0
2024-07-12,24512.4,23933.927499999998,578.4725000000035,23933.927499999998,0.013928230643798535,HIGH,0.7999998065449561,0.20000019345504394,0,0
2024-07-15,24588.35,23989.580000000005,598.7699999999932,23989.580000000005,0.013853715507124605,HIGH,0.7999997714031377,0.20000022859686228,0,0
2024-07-16,24601.1,24046.29,554.8099999999977,24046.29,0.013842067643018654,HIGH,0.7999997653602426,0.20000023463975736,0,0
2024-07-18,24779.35,24098.23,681.119999999999,24098.23,0.012668100205245078,HIGH,0.7999967456444752,0.2000032543555248,0,0
2024-07-19,24525.85,24161.127499999995,364.7225000000035,24161.127499999995,0.006183165323590358,HIGH,0.24982781478733906,0.7501721852126609,0,0
2024-07-22,24515.9,24208.462499999994,307.4375000000073,24208.462499999994,0.005249852500677291,LOW,0.20664261305793324,0.7933573869420667,0,0
2024-07-23,24476.4,24261.6,214.8000000000029,24261.6,0.004978185031316114,LOW,0.20363288141509336,0.7963671185849066,0,0
2024-07-24,24441.9,24307.9875,133.91250000000218,24307.9875,0.0040531598090894115,LOW,0.20045990437910438,0.7995400956208956,0,0
2024-07-25,24415.0,24343.987500000003,71.01249999999709,24343.987500000003,0.004050028993944282,LOW,0.2004566927677707,0.7995433072322293,0,0
2024-07-26,24851.75,24372.725000000002,479.0249999999978,24372.725000000002,0.004080156822062639,LOW,0.2004885513059477,0.7995114486940523,0,0
2024-07-29,24840.95,24413.5075,427.442500000001,24413.5075,0.005002701873205665,LOW,0.20383666083645677,0.7961633391635432,0,0
2024-07-30,24840.9,24455.065000000002,385.8349999999991,24455.065000000002,0.005012358913567193,LOW,0.20392001114344482,0.7960799888565552,0,0
2024-07-31,24979.3,24490.952500000003,488.3474999999962,24490.952500000003,0.005024569707118324,LOW,0.20402798273763476,0.7959720172623652,0,0
2024-08-01,25006.0,24534.027500000004,471.9724999999962,24534.027500000004,0.005044481334755986,LOW,0.20421041765608786,0.7957895823439122,0,0
2024-08-02,24699.45,24569.7875,129.66250000000218,24569.7875,0.0050011369340042565,LOW,0.20382332057600844,0.7961766794239915,0,0
2024-08-05,24051.8,24589.527500000004,-537.7275000000045,24589.527500000007,0.005625902000667613,LOW,0.2152005785296719,0.7847994214703281,0,0
2024-08-06,24033.05,24576.280000000002,-543.2300000000032,24576.28,0.007477711463180161,HIGH,0.5732137254524554,0.4267862745475446,0,0
2024-08-07,24315.25,24561.379999999997,-246.12999999999738,24561.379999999994,0.007458633826485258,HIGH,0.5671547035832256,0.4328452964167744,0,0
2024-08-08,24098.7,24556.279999999995,-457.57999999999447,24556.28,0.007626612822998258,HIGH,0.6180265670678233,0.38197343293217667,0,0
2024-08-09,24364.4,24545.594999999998,-181.19499999999607,24545.594999999998,0.007781787766173472,HIGH,0.6588908079396625,0.3411091920603375,0,0
2024-08-12,24348.8,24546.89,-198.09000000000015,24546.89,0.007890340919764028,HIGH,0.6834322791947294,0.3165677208052706,0,0
2024-08-13,24141.2,24538.71,-397.5099999999984,24538.71,0.00788779288833777,HIGH,0.6828952777446857,0.3171047222553143,0,0
2024-08-14,24144.5,24516.3525,-371.8525000000009,24516.3525,0.008008720240917703,HIGH,0.7063457674664826,0.2936542325335174,0,0
2024-08-16,24539.2,24493.5225,45.6775000000016,24493.5225,0.008008610623895764,HIGH,0.7063263591128826,0.29367364088711745,0,0
2024-08-19,24579.0,24481.515,97.48500000000058,24481.515,0.008431236063931192,HIGH,0.7598127058122659,0.2401872941877341,0,0
2024-08-20,24672.85,24484.1725,188.67749999999796,24484.1725,0.00843430346602087,HIGH,0.7600695736417546,0.23993042635824535,0,0
2024-08-21,24781.9,24492.019999999997,289.88000000000466,24492.019999999997,0.008456861378989782,HIGH,0.7619122307389528,0.23808776926104724,0,0
2024-08-22,24810.9,24507.295,303.6050000000032,24507.295,0.008486198642404913,HIGH,0.7641901492886267,0.23580985071137328,0,0
2024-08-23,24831.85,24525.745000000003,306.1049999999959,24525.745000000003,0.008469628516941923,HIGH,0.762919695033061,0.237080304966939,0,0
2024-08-26,25011.45,24546.5875,464.8624999999993,24546.5875,0.008421916785749484,HIGH,0.7590228625029471,0.24097713749705285,0,0
2024-08-27,24997.05,24554.572500000002,442.47749999999724,24554.572500000002,0.008502442561526258,HIGH,0.7653959294788468,0.23460407052115317,0,0
2024-08-28,25044.85,24562.3775,482.47249999999985,24562.3775,0.008426954253266903,HIGH,0.7594515766585035,0.2405484233414965,0,0
2024-08-29,25156.75,24572.574999999997,584.1750000000029,24572.574999999997,0.008418201515456282,HIGH,0.7587039866443885,0.24129601335561146,0,0
2024-08-30,25247.0,24581.447500000002,665.552499999998,24581.447500000002,0.00844637997249083,HIGH,0.7610661207101774,0.23893387928982257,0,0
2024-09-02,25273.9,24593.497499999998,680.4025000000038,24593.497499999998,0.008378384002510684,HIGH,0.7551395120850646,0.24486048791493542,0,0
2024-09-03,25268.85,24622.22,646.6299999999974,24622.22,0.008129938195826079,HIGH,0.7258639123725106,0.2741360876274894,0,0
2024-09-04,25206.35,24683.0725,523.2775000000001,24683.0725,0.008128833889408313,HIGH,0.7257030344560318,0.2742969655439682,0,0
2024-09-05,25144.8,24741.7375,403.0625,24741.7375,0.00813959134911052,HIGH,0.7272574994329344,0.2727425005670656,0,0
2024-09-06,24868.5,24783.215,85.28499999999985,24783.215,0.008151823390897333,HIGH,0.7289908985698035,0.2710091014301965,0,0
2024-09-09,24942.25,24821.704999999998,120.54500000000189,24821.704999999998,0.008426036695068006,HIGH,0.7593737988806151,0.24062620111938493,0,0
2024-09-10,25052.1,24850.5975,201.5024999999987,24850.5975,0.007821321193741133,HIGH,0.6682230134284788,0.3317769865715212,0,0
2024-09-11,24951.8,24885.762499999997,66.03750000000218,24885.762499999997,0.007857834840388518,HIGH,0.6764409663947767,0.3235590336052233,0,0
2024-09-12,25314.95,24926.2925,388.65750000000116,24926.2925,0.007895541729681483,HIGH,0.6845225526247284,0.3154774473752716,0,0
2024-09-13,25343.55,24984.815,358.7350000000006,24984.815,0.008251907811988134,HIGH,0.7418704938894369,0.25812950611056307,0,0
2024-09-16,25377.2,25025.032499999998,352.1675000000032,25025.032499999998,0.008252068175022968,HIGH,0.7418893491676404,0.2581106508323596,0,0
2024-09-17,25407.15,25064.942499999997,342.2075000000041,25064.942499999997,0.007903750451656456,HIGH,0.686227555085261,0.313772444914739,0,0
2024-09-18,25343.45,25101.6575,241.79249999999956,25101.6575,0.006037916563983449,HIGH,0.23683870047137145,0.7631612995286285,0,0
2024-09-19,25445.0,25129.735,315.2649999999994,25129.735,0.0060707249945237815,HIGH,0.23946321797435646,0.7605367820256436,0,0
2024-09-20,25820.35,25161.440000000002,658.9099999999962,25161.440000000002,0.005803810386284981,LOW,0.22236557576278518,0.7776344242372148,0,0
2024-09-23,25930.15,25210.864999999998,719.2850000000035,25210.864999999998,0.005930050999951679,LOW,0.22931780421743328,0.7706821957825667,0,0
2024-09-24,25951.9,25256.8,695.1000000000022,25256.8,0.005721752208536488,LOW,0.21872744529807842,0.7812725547019216,0,0
2024-09-25,26013.5,25304.5425,708.9575000000004,25304.5425,0.005704479191888731,LOW,0.2180380536460905,0.7819619463539095,0,0
2024-09-26,26184.65,25352.975,831.6750000000029,25352.975,0.005348126123802738,LOW,0.20825581020916192,0.791744189790838,0,0
2024-09-27,26175.0,25404.370000000003,770.6299999999974,25404.370000000003,0.005378070973299164,LOW,0.2088201593319572,0.7911798406680428,0,0
2024-09-30,25822.8,25450.77,372.02999999999884,25450.77,0.004779909324179285,LOW,0.20233511132541288,0.7976648886745872,0,0
2024-10-01,25812.55,25478.215,334.3349999999991,25478.215,0.005549487323427286,LOW,0.2128604557663127,0.7871395442336873,0,0
2024-10-03,25266.0,25505.4,-239.40000000000146,25505.4,0.005546159320683225,LOW,0.21276697286950882,0.7872330271304911,0,0
2024-10-04,25049.1,25508.3825,-459.28250000000116,25508.3825,0.006872301041663424,HIGH,0.37865637253201323,0.6213436274679868,0,0
2024-10-07,24819.0,25503.597499999996,-684.5974999999962,25503.597499999996,0.007069310279358372,HIGH,0.43838672841839965,0.5616132715816003,0,0
2024-10-08,25039.5,25501.122499999998,-461.6224999999977,25501.122499999998,0.00727264239352638,HIGH,0.505817120063268,0.49418287993673204,0,0
2024-10-09,25019.55,25505.984999999997,-486.4349999999977,25505.984999999997,0.00733259197687807,HIGH,0.5258964222543809,0.47410357774561906,0,0
2024-10-10,25007.55,25504.3575,-496.807499999999,25504.3575,0.007333315956803361,HIGH,0.5261378514341473,0.47386214856585274,0,0
2024-10-11,24975.05,25507.145,-532.0950000000012,25507.145,0.007325433198677486,HIGH,0.5235073790314138,0.47649262096858624,0,0
2024-10-14,25142.3,25490.149999999998,-347.84999999999854,25490.149999999998,0.007280107033610056,HIGH,0.5083238467037597,0.49167615329624026,0,0
2024-10-15,25065.15,25480.087499999998,-414.93749999999636,25480.087499999998,0.0073550381144421965,HIGH,0.5333643932479233,0.4666356067520767,0,0
2024-10-16,24959.9,25464.484999999997,-504.5849999999955,25464.484999999997,0.0073699641782385625,HIGH,0.5383078985718424,0.46169210142815764,0,0
2024-10-17,24750.2,25442.122500000005,-691.9225000000042,25442.122500000005,0.007403616242594175,HIGH,0.5493722033287458,0.4506277966712542,0,0
2024-10-18,24862.65,25412.46,-549.8099999999977,25412.46,0.00753521274335498,HIGH,0.591078108810984,0.408921891189016,0,0
2024-10-21,24739.45,25383.342500000006,-643.8925000000054,25383.342500000006,0.007582495908743601,HIGH,0.6052597750690024,0.3947402249309976,0,0
2024-10-22,24481.75,25329.297500000004,-847.5475000000042,25329.297500000004,0.007372837259814124,HIGH,0.5392571258855703,0.4607428741144297,0,0
2024-10-23,24436.0,25256.877500000002,-820.8775000000023,25256.877500000002,0.0075740029231920886,HIGH,0.6027491161006118,0.39725088389938823,0,0
2024-10-24,24414.6,25181.0825,-766.4825000000019,25181.0825,0.007519000457811549,HIGH,0.5861059629559954,0.4138940370440046,0,0
2024-10-25,24211.8,25101.1375,-889.3375000000015,25101.1375,0.007495803977036782,HIGH,0.5789018769992154,0.42109812300078464,0,0
2024-10-28,24367.7,25002.495,-634.7949999999983,25002.495,0.0070616991005259255,HIGH,0.4359415665691784,0.5640584334308216,0,0
2024-10-29,24454.0,24912.129999999997,-458.1299999999974,24912.129999999997,0.007189637448130684,HIGH,0.4779677560320208,0.5220322439679792,0,0
2024-10-30,24350.3,24843.69,-493.3899999999994,24843.69,0.0072274545559010495,HIGH,0.4906376839292276,0.5093623160707724,0,0
2024-10-31,24238.5,24770.5775,-532.0774999999994,24770.5775,0.007232694335622342,HIGH,0.4923968480314979,0.507603151968502,0,0
2024-11-04,23990.95,24719.2025,-728.2524999999987,24719.2025,0.007252957268353538,HIGH,0.499203608548609,0.500796391451391,0,0
2024-11-05,24198.15,24666.295000000002,-468.14500000000044,24666.295000000002,0.007344788959466151,HIGH,0.529959052763334,0.470040947236666,0,0
2024-11-06,24493.9,24635.252500000002,-141.35250000000087,24635.252500000002,0.006959319534033165,HIGH,0.4040312876668226,0.5959687123331774,0,0
2024-11-07,24194.6,24607.972500000003,-413.37250000000495,24607.972500000003,0.0073363011710983585,HIGH,0.5271329819613441,0.47286701803865594,0,0
2024-11-08,24110.35,24566.725000000002,-456.37500000000364,24566.725000000002,0.0075486316029554764,HIGH,0.5951524075011225,0.4048475924988775,0,0
2024-11-11,24122.1,24521.864999999998,-399.7649999999994,24521.864999999998,0.007499934929469437,HIGH,0.5801922943439599,0.4198077056560401,0,0
2024-11-12,23842.95,24479.2175,-636.2674999999981,24479.2175,0.007331959915627408,HIGH,0.5256856180052785,0.47431438199472153,0,0
2024-11-13,23602.9,24414.249999999996,-811.3499999999949,24414.249999999996,0.00748820146602774,HIGH,0.5765188363085125,0.42348116369148747,0,0
2024-11-14,23559.6,24341.1375,-781.5375000000022,24341.1375,0.007353011154380408,HIGH,0.5326915856360428,0.4673084143639572,0,0
2024-11-18,23465.3,24271.122499999998,-805.8224999999984,24271.122499999998,0.007340580719098377,HIGH,0.5285585277015696,0.47144147229843036,0,0
2024-11-19,23468.7,24206.8775,-738.177499999998,24206.8775,0.00650742996198985,HIGH,0.29463124270986296,0.705368757290137,0,0
2024-11-21,23346.75,24137.18,-790.4300000000003,24137.18,0.006420633916781823,HIGH,0.2801441255373216,0.7198558744626784,0,0
2024-11-22,23873.5,24067.545,-194.04499999999825,24067.545,0.006313045077525838,HIGH,0.26483523285386823,0.7351647671461318,0,0
2024-11-25,24250.8,24037.1325,213.66749999999956,24037.1325,0.007447700591139113,HIGH,0.563655775589623,0.436344224410377,0,0
2024-11-26,24192.95,24027.872499999998,165.07750000000306,24027.872499999998,0.008067680689344665,HIGH,0.7163168051682616,0.28368319483173843,0,0
2024-11-27,24277.35,24016.79,260.5599999999977,24016.79,0.008070534562767722,HIGH,0.7167760955861511,0.2832239044138489,0,0
2024-11-28,23957.45,24020.067499999997,-62.61749999999665,24020.067499999997,0.008112213004146844,HIGH,0.7232452733544554,0.27675472664554457,0,0
2024-11-29,24123.65,23999.555,124.09500000000116,23999.555,0.008275918610146715,HIGH,0.7446334894587054,0.25536651054129456,0,0
2024-12-02,24275.25,23983.0375,292.21250000000146,23983.0375,0.008410089945657517,HIGH,0.7579997833645375,0.24200021663546245,0,0
2024-12-03,24445.85,23979.285,466.5649999999987,23979.285,0.00849804216179167,HIGH,0.7650731056714948,0.23492689432850522,0,0
2024-12-04,24461.55,23989.6525,471.8974999999991,23989.6525,0.00849518706977917,HIGH,0.7648621401564817,0.23513785984351832,0,0
2024-12-05,24701.55,24013.1825,688.3675000000003,24013.1825,0.008448263941107247,HIGH,0.7612194825984462,0.23878051740155382,0,0
2024-12-06,24669.0,24038.352499999997,630.6475000000028,24038.352499999997,0.008603455555989719,HIGH,0.7720770677452793,0.2279229322547207,0,0
2024-12-09,24626.6,24047.1075,579.4925000000003,24047.1075,0.008388125310449432,HIGH,0.7560368470419023,0.24396315295809767,0,0
2024-12-10,24620.5,24068.707499999997,551.7925000000032,24068.707499999997,0.008386900098518271,HIGH,0.7559249002374178,0.24407509976258224,0,0
2024-12-11,24629.5,24094.214999999997,535.2850000000035,24094.214999999997,0.00838482334927036,HIGH,0.7557345494216365,0.24426545057836346,0,0
2024-12-12,24539.5,24119.585,419.9150000000009,24119.585,0.00823066294831649,HIGH,0.739323813976146,0.260676186023854,0,0
2024-12-13,24781.3,24154.4125,626.8875000000007,24154.4125,0.008190701874385952,HIGH,0.7342644757306196,0.2657355242693804,0,0
2024-12-16,24648.25,24213.332499999997,434.9175000000032,24213.332499999997,0.008350700036291167,HIGH,0.7524967571784176,0.24750324282158243,0,0
2024-12-17,24319.35,24267.765,51.58499999999913,24267.765,0.008374385194337941,HIGH,0.7547663043877779,0.24523369561222208,0,0
2024-12-18,24214.7,24310.467499999995,-95.76749999999447,24310.467499999995,0.008694354395096119,HIGH,0.777024141434282,0.222975858565718,0,0
2024-12-19,23961.95,24347.767499999998,-385.8174999999974,24347.767499999998,0.0085214739882053,HIGH,0.7667601136307725,0.23323988636922754,0,0
2024-12-20,23631.35,24378.5275,-747.1775000000016,24378.5275,0.008591229641049903,HIGH,0.7713388304570405,0.22866116954295945,0,0
2024-12-23,23747.2,24366.419999999995,-619.2199999999939,24366.419999999995,0.008602490287634122,HIGH,0.7720194456669927,0.22798055433300735,0,0
2024-12-24,23730.35,24341.239999999998,-610.8899999999994,24341.239999999998,0.008414414329216942,HIGH,0.7583765744513729,0.24162342554862715,0,0
2024-12-26,23760.3,24318.109999999997,-557.8099999999977,24318.109999999997,0.008397632396146229,HIGH,0.7568966404419855,0.24310335955801454,0,0
2024-12-27,23832.45,24292.2575,-459.807499999999,24292.2575,0.008401905012991389,HIGH,0.7572779693910605,0.2427220306089395,0,0
2024-12-30,23658.65,24286.0075,-627.3574999999983,24286.0075,0.008163073608137611,HIGH,0.7305534803858591,0.2694465196141409,0,0
2024-12-31,23668.8,24262.7575,-593.9575000000004,24262.7575,0.008062407063985212,HIGH,0.7154625025869821,0.2845374974130179,0,0
2025-01-01,23758.7,24232.435,-473.7350000000006,24232.435,0.008054723809585633,HIGH,0.7142048150332132,0.2857951849667868,0,0
2025-01-02,24167.95,24198.077500000003,-30.12750000000233,24198.077500000003,0.008041993962246169,HIGH,0.7120867671781734,0.28791323282182657,0,0
2025-01-03,23990.15,24183.3975,-193.24749999999767,24183.3975,0.008579590446900535,HIGH,0.7706188244841661,0.22938117551583392,0,0
2025-01-06,23629.6,24147.8275,-518.2275000000009,24147.8275,0.008640526647917429,HIGH,0.7742064656820737,0.22579353431792626,0,0
2025-01-07,23694.6,24095.857500000002,-401.25750000000335,24095.857500000002,0.008149445562965306,HIGH,0.7286567614059094,0.2713432385940906,0,0
2025-01-08,23675.2,24049.2575,-374.057499999999,24049.2575,0.007614985749610381,HIGH,0.6147077158787313,0.3852922841212687,0,0
2025-01-09,23557.2,24001.9925,-444.79249999999956,24001.9925,0.007609100388117947,HIGH,0.6130150872378273,0.38698491276217273,0,0
2025-01-10,23437.35,23948.377499999995,-511.0274999999965,23948.377499999995,0.007605184001762327,HIGH,0.6118840604689953,0.38811593953100465,0,0
2025-01-13,23088.7,23893.269999999997,-804.5699999999961,23893.269999999997,0.00730160201859596,HIGH,0.5155344363168783,0.48446556368312166,0,0
2025-01-14,23206.85,23808.64,-601.7900000000009,23808.64,0.007589906925051383,HIGH,0.6074369506416304,0.3925630493583696,0,0
2025-01-15,23228.1,23736.57,-508.47000000000116,23736.57,0.0075533004629438506,HIGH,0.5965609894556075,0.40343901054439246,0,0
2025-01-16,23350.8,23682.007499999996,-331.2074999999968,23682.007499999996,0.007402388969162886,HIGH,0.548970915184004,0.451029084815996,0,0
2025-01-17,23203.1,23638.812499999996,-435.7124999999978,23638.812499999996,0.007497226863885328,HIGH,0.5793467123050977,0.4206532876949023,0,0
2025-01-20,23337.05,23600.869999999995,-263.81999999999607,23600.869999999995,0.007240242971429167,HIGH,0.49493205889834996,0.5050679411016501,0,0
2025-01-21,23053.05,23586.154999999995,-533.1049999999959,23586.154999999995,0.00737536086787653,HIGH,0.5400902333159858,0.4599097666840142,0,0
2025-01-22,23161.75,23551.447499999995,-389.69749999999476,23551.447499999995,0.007607462259462365,HIGH,0.6125424589548729,0.3874575410451271,0,0
2025-01-23,23216.3,23523.017499999998,-306.71749999999884,23523.017499999998,0.007701195454097068,HIGH,0.6384876931403101,0.36151230685968994,0,0
2025-01-24,23090.35,23495.817499999997,-405.46749999999884,23495.817499999997,0.007730052560664652,HIGH,0.6460027894404006,0.35399721055959943,0,0
2025-01-27,22816.85,23458.712499999998,-641.8624999999993,23458.712499999998,0.007749597492015905,HIGH,0.6509608641631188,0.3490391358368812,0,0
2025-01-28,22976.3,23416.622499999994,-440.32249999999476,23416.622499999994,0.007623767775102784,HIGH,0.6172175751223246,0.38278242487767544,0,0
2025-01-29,23176.2,23381.997499999998,-205.79749999999694,23381.997499999998,0.007801865442765283,HIGH,0.6636866329526722,0.33631336704732784,0,0
2025-01-30,23297.95,23352.872499999998,-54.922499999996944,23352.872499999998,0.007762842924959451,HIGH,0.6542595668654557,0.3457404331345443,0,0
2025-01-31,23533.85,23309.372499999998,224.47750000000087,23309.372499999998,0.007840758981380582,HIGH,0.6726458531758449,0.3273541468241551,0,0
2025-02-01,23495.3,23286.5575,208.7425000000003,23286.5575,0.007904724911897488,HIGH,0.6864286707536323,0.31357132924636766,0,0
2025-02-03,23359.7,23279.8425,79.85750000000189,23279.8425,0.007514288382520985,HIGH,0.5846509356228814,0.4153490643771186,0,0
2025-02-04,23707.7,23263.0975,444.6025000000009,23263.0975,0.007518001398538591,HIGH,0.5857978320991476,0.4142021679008524,0,0
2025-02-05,23686.75,23264.722499999996,422.0275000000038,23264.722499999996,0.008005771053528609,HIGH,0.7058224531410251,0.2941775468589749,0,0
2025-02-06,23628.05,23271.2,356.84999999999854,23271.2,0.008003482168780206,HIGH,0.7054146670685526,0.2945853329314474,0,0
2025-02-07,23563.15,23280.735,282.4150000000009,23280.735,0.007992669231934334,HIGH,0.7034688158235185,0.2965311841764815,0,0
2025-02-10,23376.05,23304.4575,71.59249999999884,23304.4575,0.007900218991911788,HIGH,0.6854964232482065,0.3145035767517935,0,0
2025-02-11,23070.5,23312.9175,-242.41749999999956,23312.9175,0.008023207265997843,HIGH,0.708882037875439,0.291117962124561,0,0
2025-02-12,23057.8,23305.0375,-247.23749999999927,23305.0375,0.008299115717274031,HIGH,0.7471902156616808,0.25280978433831924,0,0
2025-02-13,23019.4,23290.3875,-270.9874999999993,23290.3875,0.007593809891014004,HIGH,0.6085783705717989,0.39142162942820113,0,0
2025-02-14,22897.25,23281.202500000003,-383.95250000000306,23281.202500000003,0.007516794249342929,HIGH,0.5854252588069617,0.4145747411930383,0,0
2025-02-17,22963.5,23259.2125,-295.71250000000146,23259.2125,0.007113112652483246,HIGH,0.4526155756298641,0.5473844243701359,0,0
2025-02-18,22923.15,23254.735,-331.5849999999991,23254.735,0.007115687336591258,HIGH,0.4534594746795281,0.5465405253204719,0,0
2025-02-19,22914.4,23242.805,-328.40499999999884,23242.805,0.007116693095166124,HIGH,0.45378933604407456,0.5462106639559254,0,0
2025-02-20,22906.25,23227.710000000003,-321.46000000000276,23227.710000000003,0.007080068177559477,HIGH,0.4418573579258931,0.5581426420741069,0,0
2025-02-21,22764.35,23218.505,-454.1550000000025,23218.505,0.0070378318856224005,HIGH,0.42833301444831984,0.5716669855516802,0,0
2025-02-24,22548.85,23215.880000000005,-667.0300000000061,23215.880000000005,0.006609993066188025,HIGH,0.3144116878118195,0.6855883121881805,0,0
2025-02-25,22526.3,23194.5075,-668.2075000000004,23194.5075,0.006718812219109611,HIGH,0.338692933209028,0.661307066790972,0,0
2025-02-27,22510.85,23162.012499999997,-651.1624999999985,23162.012499999997,0.006709795089386019,HIGH,0.33655080456334197,0.663449195436658,0,0
2025-02-28,22127.4,23122.657499999994,-995.2574999999924,23122.657499999994,0.006608059471657897,HIGH,0.31401117046277444,0.6859888295372256,0,0
2025-03-03,22143.15,23052.335,-909.1849999999977,23052.335,0.007151997376729152,HIGH,0.46543505306684596,0.534564946933154,0,0
2025-03-04,22080.3,22984.7275,-904.4275000000016,22984.7275,0.007035836076470303,HIGH,0.427701026839496,0.5722989731605039,0,0
2025-03-05,22346.65,22920.7575,-574.1074999999983,22920.7575,0.00676564426966729,HIGH,0.35019304172733834,0.6498069582726617,0,0
2025-03-06,22529.2,22852.705,-323.505000000001,22852.705,0.007104076166552093,HIGH,0.4496598714312823,0.5503401285687177,0,0
2025-03-07,22536.95,22794.827500000003,-257.8775000000023,22794.827500000003,0.007274138800989244,HIGH,0.5063197102042024,0.4936802897957976,0,0
2025-03-10,22441.1,22740.2725,-299.1725000000006,22740.2725,0.007230463675256831,HIGH,0.4916478719516131,0.5083521280483869,0,0
2025-03-11,22522.1,22684.170000000002,-162.07000000000335,22684.170000000002,0.006964193363910682,HIGH,0.40550387870896937,0.5944961212910307,0,0
2025-03-12,22468.5,22641.472499999996,-172.97249999999622,22641.472499999996,0.0068687385671461374,HIGH,0.37765682486871077,0.6223431751312892,0,0
2025-03-13,22383.3,22611.372499999998,-228.0724999999984,22611.372499999998,0.006651451429552383,HIGH,0.3232585011466227,0.6767414988533773,0,0
2025-03-17,22515.25,22577.6475,-62.39749999999913,22577.6475,0.006564616406919605,HIGH,0.30529442875532664,0.6947055712446734,0,0
2025-03-18,22848.75,22552.44,296.3100000000013,22552.44,0.0063615681764099,HIGH,0.2713937751669775,0.7286062248330225,0,0
2025-03-19,22911.8,22550.015,361.78499999999985,22550.015,0.00699261196530869,HIGH,0.41418933974303046,0.5858106602569695,0,0
2025-03-20,23165.7,22547.43,618.2700000000004,22547.43,0.006962879616769325,HIGH,0.4051064379309326,0.5948935620690674,0,0
2025-03-21,23355.65,22559.557500000003,796.0924999999988,22559.557500000003,0.006712919953457617,HIGH,0.3372905019753396,0.6627094980246604,0,0
2025-03-24,23674.15,22581.620000000003,1092.5299999999988,22581.620000000003,0.00690175684178905,HIGH,0.38704324040302274,0.6129567595969773,0,0
2025-03-25,23605.95,22620.015000000003,985.9349999999977,22620.015000000003,0.0073321469242448685,HIGH,0.5257479915482941,0.4742520084517059,0,0
2025-03-26,23464.3,22662.095,802.2049999999981,22662.095,0.0073339069853215685,HIGH,0.5263349193728422,0.47366508062715784,0,0
2025-03-27,23601.05,22707.867500000004,893.1824999999953,22707.867500000004,0.0072707016427825365,HIGH,0.5051652425472539,0.4948347574527461,0,0
2025-03-28,23495.15,22761.605000000003,733.5449999999983,22761.605000000003,0.006903598892895372,HIGH,0.3875748399231215,0.6124251600768785,0,0
2025-04-01,23179.7,22810.82,368.880000000001,22810.82,0.006964612136905062,HIGH,0.40563064535298354,0.5943693546470165,0,0
2025-04-02,23330.8,22863.435,467.36499999999796,22863.435,0.007405566731438737,HIGH,0.5500095910384875,0.44999040896151254,0,0
2025-04-03,23241.6,22922.8175,318.7824999999975,22922.8175,0.0074140832101083,HIGH,0.5527871266174285,0.44721287338257154,0,0
2025-04-04,22912.05,22980.8825,-68.83250000000044,22980.8825,0.007443751168435373,HIGH,0.5623873251364491,0.43761267486355093,0,0
2025-04-07,22238.0,23009.1525,-771.1525000000001,23009.1525,0.007890825426188313,HIGH,0.6835341779322659,0.3164658220677341,0,0
2025-04-08,22547.2,22994.592499999995,-447.39249999999447,22994.592499999995,0.009538580298403727,HIGH,0.7964162093646487,0.20358379063535126,0,0
2025-04-09,22420.4,22995.105,-574.7049999999981,22995.105,0.00990233192658914,HIGH,0.7984080708422037,0.20159192915779633,0,0
2025-04-11,22844.5,22994.07,-149.5699999999997,22994.07,0.009891865315131473,HIGH,0.7983704090988726,0.20162959090112742,0,0
2025-04-15,23344.1,23010.190000000002,333.9099999999962,23010.190000000002,0.010325088309830761,HIGH,0.7993814691386696,0.2006185308613304,0,0
2025-04-16,23433.3,23053.969999999998,379.33000000000175,23053.969999999998,0.010997748172826012,HIGH,0.7998628078504739,0.20013719214952608,0,0
2025-04-17,23837.75,23106.469999999998,731.2800000000025,23106.469999999998,0.011001841333960993,HIGH,0.7998640596965441,0.20013594030345594,0,0
2025-04-21,24121.2,23172.594999999998,948.6050000000032,23172.594999999998,0.010797922593620874,HIGH,0.7997853807661142,0.20021461923388584,0,0
2025-04-22,24134.05,23236.2175,897.8325000000004,23236.2175,0.010920654569624207,HIGH,0.7998369543660773,0.20016304563392273,0,0
2025-04-23,24300.85,23297.33,1003.5199999999968,23297.33,0.010878716546953078,HIGH,0.7998208998572935,0.20017910014270646,0,0
2025-04-24,24245.05,23354.0875,890.9624999999978,23354.0875,0.010775662932242042,HIGH,0.7997744122739161,0.2002255877260839,0,0
2025-04-25,23991.65,23398.5575,593.0925000000025,23398.5575,0.010766042918250958,HIGH,0.7997695002250531,0.2002304997749469,0,0
2025-04-28,24312.9,23414.4325,898.4675000000025,23414.4325,0.01101010481904128,HIGH,0.799866552294846,0.20013344770515396,0,0
2025-04-29,24325.45,23449.780000000002,875.6699999999983,23449.780000000002,0.011123411374265783,HIGH,0.7998964606952168,0.2001035393047832,0,0
2025-04-30,24246.25,23492.8375,753.4124999999985,23492.8375,0.011128585632627716,HIGH,0.7998976536268465,0.2001023463731535,0,0
2025-05-02,24313.65,23525.097500000003,788.552499999998,23525.097500000003,0.011142718831428372,HIGH,0.79990084248642,0.20009915751357998,0,0
2025-05-05,24459.5,23566.022500000003,893.4774999999972,23566.022500000003,0.011080399798631483,HIGH,0.799885990661261,0.20011400933873902,0,0
2025-05-06,24335.9,23630.012500000004,705.8874999999971,23630.012500000004,0.011081382556087609,HIGH,0.79988624131672,0.20011375868327996,0,0
2025-05-07,24409.3,23680.267500000005,729.0324999999939,23680.267500000005,0.010938488731140707,HIGH,0.7998433377836254,0.20015666221637463,0,0
2025-05-08,24154.1,23738.6525,415.4474999999984,23738.6525,0.010939095074240035,HIGH,0.7998435503650092,0.2001564496349908,0,0
2025-05-09,24038.65,23800.755,237.89500000000044,23800.755,0.011036824812201574,HIGH,0.7998743036032829,0.20012569639671707,0,0
2025-05-12,24920.25,23890.787500000002,1029.4624999999978,23890.787500000002,0.01101681934800881,HIGH,0.7998685439779609,0.20013145602203908,0,0
2025-05-13,24593.65,24009.44,584.2100000000028,24009.44,0.012509874589201818,HIGH,0.7999953613679491,0.20000463863205087,0,0
2025-05-14,24685.75,24118.1025,567.6474999999991,24118.1025,0.01277019286439716,HIGH,0.7999974109101338,0.20000258908986623,0,0
2025-05-15,25035.3,24210.165,825.1349999999984,24210.165,0.012702031147718675,HIGH,0.7999969838267851,0.20000301617321492,0,0
2025-05-16,25013.1,24294.725000000002,718.3749999999964,24294.725000000002,0.012876340404620467,HIGH,0.7999979588050903,0.20000204119490972,0,0
2025-05-19,24935.35,24373.715,561.6349999999984,24373.715,0.01283216497404378,HIGH,0.7999977464909171,0.20000225350908285,0,0
2025-05-20,24713.85,24428.594999999998,285.255000000001,24428.594999999998,0.01254310209376547,HIGH,0.7999956940835562,0.2000043059164438,0,0
2025-05-21,24800.95,24458.227499999997,342.7225000000035,24458.227499999997,0.012681229467702223,HIGH,0.7999968399599877,0.20000316004001228,0,0
2025-05-22,24637.0,24491.572500000002,145.42749999999796,24491.572500000002,0.012638693407021694,HIGH,0.799996524057994,0.20000347594200596,0,0
2025-05-23,24845.15,24508.379999999997,336.7700000000041,24508.379999999997,0.012378861408690503,HIGH,0.799993779264218,0.200006220735782,0,0
2025-05-26,24996.35,24538.385000000002,457.9649999999965,24538.385000000002,0.010866130420045115,HIGH,0.7998157801893699,0.20018421981063006,0,0
2025-05-27,24837.7,24588.62,249.08000000000175,24588.62,0.010713759183973277,HIGH,0.7997408729615947,0.20025912703840532,0,0
2025-05-28,24757.15,24614.86,142.29000000000087,24614.86,0.010735079677932883,HIGH,0.7997529525609441,0.20024704743905586,0,0
2025-05-29,24880.85,24636.445000000003,244.4049999999952,24636.445000000003,0.010409335844404937,HIGH,0.7994877520635977,0.20051224793640232,0,0
2025-05-30,24736.65,24668.175,68.47500000000218,24668.175,0.009810625280605296,HIGH,0.7980462201866869,0.20195377981331308,0,0
2025-06-02,24690.35,24689.325000000004,1.0249999999941792,24689.325000000004,0.009907095769193588,HIGH,0.7984249237603502,0.20157507623964976,0,0
2025-06-03,24538.4,24700.8675,-162.46749999999884,24700.8675,0.00950734542880638,HIGH,0.7961581468876593,0.2038418531123407,0,0
2025-06-04,24612.0,24710.9925,-98.99250000000029,24710.9925,0.00938337679255127,HIGH,0.7949388239189217,0.20506117608107832,0,0
2025-06-05,24761.1,24721.127500000002,39.97249999999622,24721.127500000002,0.009393440091238625,HIGH,0.7950507057312319,0.20494929426876807,0,0
2025-06-06,25000.3,24751.4775,248.8224999999984,24751.4775,0.009375900291940171,HIGH,0.7948540813867231,0.2051459186132769,0,0
2025-06-09,25103.1,24799.56,303.53999999999724,24799.56,0.009495151463143626,HIGH,0.7960524616223386,0.20394753837766144,0,0
2025-06-10,25091.5,24808.7025,282.7975000000006,24808.7025,0.009263177230552828,HIGH,0.7933922407571152,0.20660775924288477,0,0
2025-06-11,25126.8,24833.594999999998,293.20500000000175,24833.594999999998,0.009005040370883982,HIGH,0.7883198611932904,0.21168013880670955,0,0
2025-06-12,24856.0,24855.6475,0.3525000000008731,24855.6475,0.009004695813037386,HIGH,0.7883110185079907,0.21168898149200932,0,0
2025-06-13,24735.55,24846.6825,-111.13249999999971,24846.6825,0.009226359493411867,HIGH,0.7928309688458821,0.2071690311541179,0,0
2025-06-16,24940.95,24832.805,108.14500000000044,24832.805,0.009274265486742022,HIGH,0.7935525999265014,0.2064474000734986,0,0
2025-06-17,24841.5,24833.085,8.415000000000873,24833.085,0.00932769401354177,HIGH,0.7942729009261211,0.20572709907387887,0,0
2025-06-18,24798.75,24839.4675,-40.717499999998836,24839.4675,0.009307783263159909,HIGH,0.7940142943948929,0.2059857056051071,0,0
2025-06-19,24744.7,24839.357500000002,-94.65750000000116,24839.357500000002,0.009307137998456906,HIGH,0.7940057228870951,0.20599427711290486,0,0
2025-06-20,25079.75,24844.7425,235.0074999999997,24844.7425,0.009095572910811674,HIGH,0.7904295966765573,0.20957040332344268,0,0
2025-06-23,24958.9,24856.4725,102.4275000000016,24856.4725,0.009308326251329664,HIGH,0.7940214978893105,0.20597850211068947,0,0
2025-06-24,25071.55,24854.6,216.95000000000073,24854.6,0.006795191123068445,HIGH,0.3577676850495468,0.6422323149504532,0,0
2025-06-25,25236.35,24866.2925,370.057499999999,24866.2925,0.006374980335342713,HIGH,0.2733052019916983,0.7266947980083017,0,0
2025-06-26,25530.4,24890.2525,640.1475000000028,24890.2525,0.006440211950016169,HIGH,0.2832386081988627,0.7167613918011373,0,0
2025-06-27,25632.45,24922.730000000003,709.7199999999975,24922.730000000003,0.006282846289583888,HIGH,0.2610257876722423,0.7389742123277576,0,0
2025-06-30,25507.45,24967.519999999997,539.9300000000039,24967.519999999997,0.006303947776012207,HIGH,0.263666162190398,0.736333837809602,0,0
2025-07-01,25533.0,25008.375,524.625,25008.375,0.006348723057084568,HIGH,0.2696037244450565,0.7303962755549436,0,0
2025-07-02,25442.85,25058.105000000003,384.74499999999534,25058.105000000003,0.006089024898883885,HIGH,0.24100166651429228,0.7589983334857078,0,0
2025-07-03,25397.4,25099.6475,297.7525000000023,25099.6475,0.006126709980223216,HIGH,0.24434618914887007,0.7556538108511299,0,0
2025-07-04,25467.8,25131.4625,336.3374999999978,25131.4625,0.0059896233577774564,LOW,0.2332710154696834,0.7667289845303166,0,0
2025-07-07,25454.95,25154.837499999998,300.1125000000029,25154.837499999998,0.005841021194779448,LOW,0.22423119186548543,0.7757688081345145,0,0
2025-07-08,25523.1,25172.43,350.66999999999825,25172.43,0.005763026024672359,LOW,0.22047951814926836,0.7795204818507316,0,0
2025-07-09,25464.65,23677.79839270011,1786.85160729989,25194.01,0.00562524004040164,LOW,0.21517862558613457,0.7848213744138655,0,0
2025-07-10,25348.15,23667.42869908373,1680.7213009162697,25210.9025,0.005604284150121534,LOW,0.2144994031920166,0.7855005968079833,0,0
2025-07-11,25140.55,23683.939539949675,1456.610460050324,25235.510000000002,0.005637223911692621,LOW,0.2155808751502774,0.7844191248497225,0,0
2025-07-14,25087.1,23746.456054873845,1340.643945126154,25255.760000000002,0.0057445331675698525,LOW,0.21967575186598332,0.7803242481340167,0,0
2025-07-15,25219.65,23748.90595173538,1470.7440482646198,25263.0675,0.005748282788413236,LOW,0.21983622187341023,0.7801637781265898,0,0
2025-07-16,25198.55,25281.975,-83.42499999999927,25281.975,0.005669854827153106,LOW,0.21672945013848405,0.783270549861516,0,0
2025-07-17,25109.5,25301.964999999997,-192.4649999999965,25301.964999999997,0.005664670966784124,LOW,0.21654163733088394,0.7834583626691161,0,0
2025-07-18,24967.45,25320.204999999998,-352.7549999999974,25320.204999999998,0.005629364019620286,LOW,0.21531589606030327,0.7846841039396968,0,0
2025-07-21,25093.3,25314.590000000004,-221.2900000000045,25314.590000000004,0.005467785128544078,LOW,0.21074815674502131,0.7892518432549787,0,0
2025-07-22,25064.9,25321.31,-256.40999999999985,25321.31,0.005493613544988752,LOW,0.2113762047765268,0.7886237952234731,0,0
2025-07-23,25209.2,25320.9775,-111.77750000000015,25320.9775,0.00549675665809558,LOW,0.21145504833680623,0.7885449516631937,0,0
2025-07-24,25051.9,25319.620000000003,-267.72000000000116,25319.620000000003,0.005588940368242596,LOW,0.21402096921695254,0.7859790307830474,0,0
