Date,Close
2015-01-09,8280.25
2015-01-12,8326.55
2015-01-13,8303.8
2015-01-14,8287.75
2015-01-15,8461.15
2015-01-19,8550.3
2015-01-20,8691.25
2015-01-21,8728.05
2015-01-22,8762.2
2015-01-23,8823.55
2015-01-27,8904.2
2015-01-28,8906.8
2015-01-29,8950.2
2015-01-30,8821.45
2015-02-02,8798.15
2015-02-03,8746.65
2015-02-04,8713.95
2015-02-05,8699.4
2015-02-06,8666.0
2015-02-09,8518.3
2015-02-10,8578.85
2015-02-11,8635.5
2015-02-12,8728.4
2015-02-13,8803.05
2015-02-16,8808.7
2015-02-18,8865.25
2015-02-19,8898.35
2015-02-20,8827.7
2015-02-23,8742.8
2015-02-24,8760.8
2015-02-25,8765.25
2015-02-26,8694.65
2015-02-27,8850.65
2015-02-28,8920.75
2015-03-02,8961.55
2015-03-03,8996.75
2015-03-04,8918.4
2015-03-05,8937.75
2015-03-09,8743.25
2015-03-10,8725.6
2015-03-11,8701.8
2015-03-12,8771.4
2015-03-13,8661.1
2015-03-16,8639.6
2015-03-17,8722.35
2015-03-18,8680.9
2015-03-19,8622.9
2015-03-20,8584.85
2015-03-23,8550.95
2015-03-24,8549.9
2015-03-25,8517.0
2015-03-26,8382.3
2015-03-27,8348.05
2015-03-30,8501.35
2015-03-31,8480.9
2015-04-01,8590.3
2015-04-06,8652.0
2015-04-07,8676.9
2015-04-08,8717.35
2015-04-09,8774.25
2015-04-10,8767.55
2015-04-13,8825.9
2015-04-15,8735.5
2015-04-16,8693.25
2015-04-17,8602.05
2015-04-20,8443.0
2015-04-21,8398.1
2015-04-22,8436.5
2015-04-23,8387.95
2015-04-24,8320.15
2015-04-27,8203.15
2015-04-28,8264.85
2015-04-29,8236.4
2015-04-30,8204.95
2015-05-04,8342.65
2015-05-05,8321.1
2015-05-06,8092.45
2015-05-07,8047.15
2015-05-08,8190.3
2015-05-11,8320.05
2015-05-12,8125.0
2015-05-13,8237.4
2015-05-14,8221.15
2015-05-15,8254.75
2015-05-18,8376.2
2015-05-19,8357.05
2015-05-20,8413.15
2015-05-21,8419.05
2015-05-22,8448.35
2015-05-25,8366.9
2015-05-26,8354.8
2015-05-27,8337.1
2015-05-28,8319.0
2015-05-29,8432.95
2015-06-01,8422.55
2015-06-02,8232.25
2015-06-03,8148.55
2015-06-04,8136.95
2015-06-05,8113.9
2015-06-08,8036.95
2015-06-09,8015.45
2015-06-10,8125.5
2015-06-11,7964.85
2015-06-12,7991.45
2015-06-15,8006.15
2015-06-16,8057.2
2015-06-17,8089.7
2015-06-18,8178.35
2015-06-19,8232.95
2015-06-22,8352.3
2015-06-23,8381.1
2015-06-24,8339.85
2015-06-25,8415.05
2015-06-26,8382.2
2015-06-29,8326.4
2015-06-30,8371.6
2015-07-01,8462.5
2015-07-02,8440.95
2015-07-03,8486.35
2015-07-06,8523.4
2015-07-07,8516.95
2015-07-08,8354.65
2015-07-09,8335.15
2015-07-10,8357.05
2015-07-13,8461.4
2015-07-14,8442.4
2015-07-15,8526.0
2015-07-16,8610.8
2015-07-17,8613.85
2015-07-20,8602.3
2015-07-21,8531.9
2015-07-22,8631.65
2015-07-23,8586.8
2015-07-24,8527.1
2015-07-27,8362.0
2015-07-28,8341.2
2015-07-29,8380.35
2015-07-30,8429.05
2015-07-31,8530.95
2015-08-03,8538.7
2015-08-04,8524.25
2015-08-05,8567.05
2015-08-06,8587.0
2015-08-07,8570.45
2015-08-10,8502.9
2015-08-11,8467.4
2015-08-12,8353.95
2015-08-13,8383.15
2015-08-14,8518.9
2015-08-17,8471.85
2015-08-18,8466.25
2015-08-19,8493.9
2015-08-20,8387.2
2015-08-21,8284.65
2015-08-24,7798.95
2015-08-25,7906.35
2015-08-26,7789.15
2015-08-27,7960.25
2015-08-28,7995.75
2015-08-31,7971.0
2015-09-01,7781.4
2015-09-02,7727.65
2015-09-03,7831.25
2015-09-04,7655.95
2015-09-07,7552.95
2015-09-08,7701.85
2015-09-09,7804.85
2015-09-10,7819.3
2015-09-11,7783.65
2015-09-14,7867.85
2015-09-15,7818.45
2015-09-16,7888.15
2015-09-18,7967.4
2015-09-21,7983.4
2015-09-22,7789.8
2015-09-23,7856.95
2015-09-24,7868.5
2015-09-28,7802.45
2015-09-29,7829.7
2015-09-30,7947.25
2015-10-01,7947.1
2015-10-05,8126.4
2015-10-06,8148.55
2015-10-07,8182.4
2015-10-08,8127.7
2015-10-09,8178.0
2015-10-12,8144.25
2015-10-13,8128.15
2015-10-14,8108.7
2015-10-15,8178.75
2015-10-16,8241.5
2015-10-19,8271.55
2015-10-20,8253.6
2015-10-21,8249.1
2015-10-23,8296.85
2015-10-26,8254.5
2015-10-27,8227.85
2015-10-28,8177.2
2015-10-29,8118.7
2015-10-30,8056.35
2015-11-02,8050.95
2015-11-03,8047.9
2015-11-04,8030.35
2015-11-05,7947.95
2015-11-06,7962.15
2015-11-09,7911.35
2015-11-10,7783.45
2015-11-13,7761.1
2015-11-16,7808.65
2015-11-17,7830.35
2015-11-18,7729.05
2015-11-19,7844.75
2015-11-20,7851.8
2015-11-23,7847.55
2015-11-24,7832.4
2015-11-26,7892.55
2015-11-27,7945.65
2015-11-30,7939.5
2015-12-01,7955.15
2015-12-02,7924.25
2015-12-03,7865.5
2015-12-04,7787.7
2015-12-07,7765.5
2015-12-08,7690.3
2015-12-09,7618.25
2015-12-10,7682.55
2015-12-11,7610.1
2015-12-14,7659.25
2015-12-15,7692.6
2015-12-16,7751.65
2015-12-17,7838.4
2015-12-18,7763.05
2015-12-21,7830.6
2015-12-22,7787.25
2015-12-23,7862.5
2015-12-24,7863.0
2015-12-28,7917.4
2015-12-29,7930.3
2015-12-30,7895.1
2015-12-31,7939.75
2016-01-01,7957.45
2016-01-04,7789.15
2016-01-05,7779.0
2016-01-06,7733.4
2016-01-07,7569.65
2016-01-08,7607.15
2016-01-11,7572.1
2016-01-12,7510.65
2016-01-13,7556.65
2016-01-14,7541.0
2016-01-15,7433.95
2016-01-18,7351.15
2016-01-19,7440.05
2016-01-20,7317.0
2016-01-21,7280.05
2016-01-22,7422.9
2016-01-25,7436.4
2016-01-27,7431.35
2016-01-28,7426.6
2016-01-29,7559.4
2016-02-01,7549.45
2016-02-02,7440.7
2016-02-03,7373.3
2016-02-04,7412.8
2016-02-05,7500.1
2016-02-08,7365.05
2016-02-09,7301.0
2016-02-10,7220.25
2016-02-11,6975.7
2016-02-12,6970.55
2016-02-15,7158.2
2016-02-16,7044.6
2016-02-17,7120.7
2016-02-18,7178.5
2016-02-19,7202.0
2016-02-22,7232.9
2016-02-23,7094.55
2016-02-24,7020.45
2016-02-25,6983.4
2016-02-26,7035.95
2016-02-29,6998.55
2016-03-01,7228.55
2016-03-02,7376.25
2016-03-03,7473.05
2016-03-04,7501.85
2016-03-08,7482.0
2016-03-09,7532.5
2016-03-10,7481.8
2016-03-11,7514.35
2016-03-14,7529.6
2016-03-15,7463.1
2016-03-16,7502.2
2016-03-17,7489.6
2016-03-18,7600.6
2016-03-21,7703.55
2016-03-22,7713.3
2016-03-23,7705.2
2016-03-28,7630.45
2016-03-29,7593.0
2016-03-30,7737.05
2016-03-31,7748.15
2016-04-01,7712.75
2016-04-04,7756.5
2016-04-05,7592.95
2016-04-06,7618.3
2016-04-07,7542.15
2016-04-08,7558.3
2016-04-11,7664.3
2016-04-12,7709.15
2016-04-13,7848.1
2016-04-18,7907.8
2016-04-20,7919.3
2016-04-21,7897.0
2016-04-22,7902.55
2016-04-25,7864.85
2016-04-26,7955.4
2016-04-27,7976.75
2016-04-28,7851.05
2016-04-29,7845.5
2016-05-02,7807.15
2016-05-03,7742.75
2016-05-04,7700.35
2016-05-05,7738.7
2016-05-06,7734.25
2016-05-09,7868.55
2016-05-10,7889.9
2016-05-11,7851.85
2016-05-12,7905.2
2016-05-13,7813.6
2016-05-16,7859.3
2016-05-17,7887.5
2016-05-18,7872.85
2016-05-19,7767.1
2016-05-20,7760.0
2016-05-23,7729.35
2016-05-24,7759.9
2016-05-25,7932.8
2016-05-26,8077.95
2016-05-27,8149.35
2016-05-30,8172.0
2016-05-31,8160.55
2016-06-01,8180.2
2016-06-02,8216.95
2016-06-03,8212.85
2016-06-06,8205.45
2016-06-07,8264.6
2016-06-08,8269.7
2016-06-09,8200.05
2016-06-10,8172.65
2016-06-13,8113.0
2016-06-14,8111.55
2016-06-15,8199.4
2016-06-16,8131.1
2016-06-17,8156.05
2016-06-20,8235.25
2016-06-21,8208.4
2016-06-22,8194.35
2016-06-23,8269.45
2016-06-24,8076.75
2016-06-27,8092.2
2016-06-28,8127.05
2016-06-29,8202.55
2016-06-30,8285.9
2016-07-01,8327.6
2016-07-04,8370.4
2016-07-05,8329.65
2016-07-07,8342.6
2016-07-08,8325.55
2016-07-11,8469.95
2016-07-12,8516.15
2016-07-13,8504.75
2016-07-14,8563.6
2016-07-15,8538.3
2016-07-18,8497.35
2016-07-19,8535.4
2016-07-20,8566.65
2016-07-21,8505.15
2016-07-22,8546.45
2016-07-25,8630.4
2016-07-26,8584.7
2016-07-27,8609.35
2016-07-28,8666.2
2016-07-29,8642.3
2016-08-01,8647.15
2016-08-02,8627.65
2016-08-03,8540.7
2016-08-04,8561.75
2016-08-05,8679.3
2016-08-08,8700.25
2016-08-09,8670.55
2016-08-10,8567.9
2016-08-11,8594.05
2016-08-12,8656.0
2016-08-16,8638.9
2016-08-17,8622.6
2016-08-18,8668.7
2016-08-19,8667.15
2016-08-22,8626.9
2016-08-23,8639.3
2016-08-24,8647.6
2016-08-25,8590.55
2016-08-26,8573.55
2016-08-29,8619.2
2016-08-30,8745.1
2016-08-31,8783.3
2016-09-01,8779.2
2016-09-02,8804.7
2016-09-06,8944.2
2016-09-07,8923.95
2016-09-08,8948.45
2016-09-09,8864.6
2016-09-12,8715.3
2016-09-14,8739.2
2016-09-15,8748.6
2016-09-16,8780.8
2016-09-19,8809.05
2016-09-20,8774.05
2016-09-21,8773.8
2016-09-22,8861.75
2016-09-23,8825.15
2016-09-26,8722.3
2016-09-27,8720.75
2016-09-28,8745.15
2016-09-29,8615.65
2016-09-30,8620.95
2016-10-03,8740.25
2016-10-04,8771.35
2016-10-05,8737.8
2016-10-06,8712.4
2016-10-07,8695.8
2016-10-10,8714.6
2016-10-13,8571.55
2016-10-14,8586.45
2016-10-17,8524.9
2016-10-18,8667.7
2016-10-19,8655.55
2016-10-20,8700.2
2016-10-21,8691.15
2016-10-24,8711.65
2016-10-25,8692.9
2016-10-26,8608.3
2016-10-27,8612.4
2016-10-28,8639.95
2016-11-01,8624.5
2016-11-02,8519.15
2016-11-03,8483.55
2016-11-04,8435.65
2016-11-07,8488.4
2016-11-08,8542.15
2016-11-09,8459.25
2016-11-10,8522.5
2016-11-11,8311.4
2016-11-15,8097.45
2016-11-16,8094.45
2016-11-17,8088.8
2016-11-18,8067.75
2016-11-21,7942.85
2016-11-22,8014.5
2016-11-23,8028.35
2016-11-24,7974.25
2016-11-25,8110.15
2016-11-28,8119.0
2016-11-29,8147.0
2016-11-30,8214.6
2016-12-01,8194.1
2016-12-02,8088.0
2016-12-05,8139.05
2016-12-06,8138.35
2016-12-07,8114.05
2016-12-08,8242.95
2016-12-09,8255.35
2016-12-12,8171.6
2016-12-13,8212.8
2016-12-14,8182.8
2016-12-15,8154.65
2016-12-16,8139.55
2016-12-19,8101.45
2016-12-20,8090.55
2016-12-21,8056.1
2016-12-22,7987.2
2016-12-23,7989.85
2016-12-26,7912.45
2016-12-27,8030.9
2016-12-28,8036.75
2016-12-29,8105.1
2016-12-30,8174.25
2017-01-02,8179.2
2017-01-03,8189.05
2017-01-04,8196.35
2017-01-05,8270.5
2017-01-06,8248.2
2017-01-09,8234.55
2017-01-10,8290.3
2017-01-11,8374.3
2017-01-12,8409.15
2017-01-13,8397.8
2017-01-16,8418.7
2017-01-17,8388.8
2017-01-18,8413.75
2017-01-19,8431.2
2017-01-20,8343.85
2017-01-23,8398.0
2017-01-24,8476.75
2017-01-25,8597.5
2017-01-27,8641.95
2017-01-30,8633.7
2017-01-31,8556.55
2017-02-01,8715.5
2017-02-02,8722.3
2017-02-03,8738.55
2017-02-06,8796.1
2017-02-07,8770.75
2017-02-08,8775.8
2017-02-09,8786.55
2017-02-10,8794.05
2017-02-13,8802.05
2017-02-14,8784.15
2017-02-15,8728.2
2017-02-16,8777.8
2017-02-17,8816.95
2017-02-20,8884.25
2017-02-21,8903.25
2017-02-22,8930.1
2017-02-23,8941.2
2017-02-27,8896.45
2017-02-28,8875.2
2017-03-01,8941.8
2017-03-02,8893.9
2017-03-03,8902.2
2017-03-06,8962.6
2017-03-07,8944.95
2017-03-08,8923.85
2017-03-09,8927.8
2017-03-10,8936.85
2017-03-14,9073.35
2017-03-15,9082.6
2017-03-16,9157.3
2017-03-17,9152.15
2017-03-20,9129.55
2017-03-21,9126.1
2017-03-22,9027.65
2017-03-23,9081.8
2017-03-24,9100.4
2017-03-27,9052.9
2017-03-28,9108.3
2017-03-29,9145.05
2017-03-30,9158.95
2017-03-31,9170.7
2017-04-03,9243.0
2017-04-05,9256.9
2017-04-06,9256.65
2017-04-07,9196.9
2017-04-10,9176.8
2017-04-11,9233.8
2017-04-12,9201.05
2017-04-13,9147.3
2017-04-17,9139.35
2017-04-18,9100.45
2017-04-19,9114.05
2017-04-20,9136.1
2017-04-21,9119.3
2017-04-24,9217.7
2017-04-25,9303.75
2017-04-26,9344.1
2017-04-27,9328.7
2017-04-28,9304.65
2017-05-02,9317.3
2017-05-03,9304.0
2017-05-04,9356.75
2017-05-05,9277.6
2017-05-08,9310.75
2017-05-09,9317.3
2017-05-10,9412.45
2017-05-11,9412.4
2017-05-12,9408.55
2017-05-15,9445.6
2017-05-16,9510.25
2017-05-17,9516.55
2017-05-18,9423.75
2017-05-19,9435.4
2017-05-22,9438.0
2017-05-23,9379.4
2017-05-24,9370.15
2017-05-25,9501.25
2017-05-26,9580.9
2017-05-29,9598.45
2017-05-30,9625.85
2017-05-31,9625.7
2017-06-01,9616.6
2017-06-02,9642.35
2017-06-05,9676.45
2017-06-06,9636.9
2017-06-07,9662.15
2017-06-08,9642.7
2017-06-09,9666.65
2017-06-12,9618.1
2017-06-13,9597.5
2017-06-14,9613.0
2017-06-15,9574.15
2017-06-16,9578.0
2017-06-19,9654.15
2017-06-20,9649.95
2017-06-21,9636.45
2017-06-22,9624.0
2017-06-23,9576.15
2017-06-27,9509.8
2017-06-28,9492.8
2017-06-29,9494.25
2017-06-30,9524.95
2017-07-03,9615.55
2017-07-04,9610.65
2017-07-05,9641.35
2017-07-06,9668.95
2017-07-07,9665.35
2017-07-10,9762.2
2017-07-11,9786.4
2017-07-12,9822.85
2017-07-13,9886.25
2017-07-14,9886.7
2017-07-17,9913.65
2017-07-18,9828.45
2017-07-19,9902.05
2017-07-20,9870.9
2017-07-21,9914.15
2017-07-24,9965.55
2017-07-25,9964.8
2017-07-26,10020.3
2017-07-27,10020.6
2017-07-28,10002.95
2017-07-31,10076.95
2017-08-01,10120.35
2017-08-02,10058.1
2017-08-03,10003.85
2017-08-04,10068.5
2017-08-07,10049.6
2017-08-08,9977.1
2017-08-09,9900.3
2017-08-10,9850.0
2017-08-11,9712.95
2017-08-14,9790.85
2017-08-16,9900.65
2017-08-17,9903.85
2017-08-18,9834.45
2017-08-21,9751.45
2017-08-22,9775.1
2017-08-23,9847.6
2017-08-24,9865.7
2017-08-28,9911.9
2017-08-29,9793.0
2017-08-30,9886.35
2017-08-31,9915.8
2017-09-01,9971.05
2017-09-04,9904.35
2017-09-05,9946.5
2017-09-06,9915.15
2017-09-07,9924.0
2017-09-08,9924.4
2017-09-11,10005.95
2017-09-12,10087.6
2017-09-13,10085.7
2017-09-14,10087.0
2017-09-15,10085.4
2017-09-18,10154.4
2017-09-19,10149.35
2017-09-20,10139.55
2017-09-21,10123.6
2017-09-22,9963.6
2017-09-25,9875.6
2017-09-26,9855.25
2017-09-27,9738.3
2017-09-28,9760.2
2017-09-29,9782.95
2017-10-03,9854.75
2017-10-04,9924.5
2017-10-05,9887.1
2017-10-06,9987.2
2017-10-09,9987.95
2017-10-10,10013.8
2017-10-11,9970.1
2017-10-12,10098.0
2017-10-13,10161.75
2017-10-16,10233.05
2017-10-17,10238.35
2017-10-18,10214.8
2017-10-23,10191.3
2017-10-24,10207.7
2017-10-25,10293.75
2017-10-26,10336.3
2017-10-27,10319.2
2017-10-30,10365.25
2017-10-31,10340.0
2017-11-01,10441.55
2017-11-02,10425.45
2017-11-03,10453.65
2017-11-06,10435.8
2017-11-07,10351.4
2017-11-08,10313.8
2017-11-09,10324.6
2017-11-10,10334.4
2017-11-13,10222.6
2017-11-14,10181.65
2017-11-15,10129.55
2017-11-16,10231.45
2017-11-17,10274.75
2017-11-20,10297.05
2017-11-21,10321.25
2017-11-22,10346.85
2017-11-23,10350.95
2017-11-24,10393.3
2017-11-27,10404.65
2017-11-28,10363.8
2017-11-29,10350.65
2017-11-30,10229.45
2017-12-01,10119.8
2017-12-04,10137.9
2017-12-05,10122.15
2017-12-06,10039.65
2017-12-07,10172.7
2017-12-08,10267.85
2017-12-11,10326.05
2017-12-12,10241.75
2017-12-13,10202.75
2017-12-14,10258.85
2017-12-15,10326.8
2017-12-18,10390.8
2017-12-19,10469.5
2017-12-20,10443.2
2017-12-21,10429.65
2017-12-22,10486.6
2017-12-26,10525.6
2017-12-27,10475.1
2017-12-28,10467.0
2017-12-29,10526.45
2018-01-01,10432.45
2018-01-02,10439.55
2018-01-03,10446.75
2018-01-04,10505.35
2018-01-05,10561.35
2018-01-08,10617.85
2018-01-09,10628.3
2018-01-10,10625.4
2018-01-11,10650.4
2018-01-12,10667.3
2018-01-15,10732.85
2018-01-16,10711.15
2018-01-17,10794.3
2018-01-18,10822.1
2018-01-19,10900.05
2018-01-22,10958.75
2018-01-23,11083.55
2018-01-24,11084.65
2018-01-25,11064.55
2018-01-29,11124.7
2018-01-30,11049.45
2018-01-31,11030.7
2018-02-01,11020.6
2018-02-02,10737.5
2018-02-05,10690.75
2018-02-06,10520.35
2018-02-07,10459.5
2018-02-08,10579.3
2018-02-09,10466.8
2018-02-12,10535.1
2018-02-14,10459.8
2018-02-15,10549.7
2018-02-16,10451.85
2018-02-19,10387.95
2018-02-20,10357.65
2018-02-21,10395.15
2018-02-22,10377.8
2018-02-23,10492.55
2018-02-26,10576.7
2018-02-27,10551.05
2018-02-28,10487.95
2018-03-01,10449.95
2018-03-05,10357.3
2018-03-06,10223.6
2018-03-07,10163.55
2018-03-08,10236.35
2018-03-09,10229.8
2018-03-12,10423.55
2018-03-13,10425.2
2018-03-14,10415.65
2018-03-15,10352.25
2018-03-16,10220.05
2018-03-19,10093.95
2018-03-20,10138.2
2018-03-21,10154.95
2018-03-22,10106.65
2018-03-23,9986.8
2018-03-26,10140.8
2018-03-27,10183.55
2018-03-28,10121.25
2018-04-02,10217.0
2018-04-03,10244.4
2018-04-04,10119.9
2018-04-05,10327.65
2018-04-06,10320.95
2018-04-09,10373.35
2018-04-10,10401.35
2018-04-11,10414.05
2018-04-12,10454.15
2018-04-13,10483.7
2018-04-16,10530.7
2018-04-17,10547.55
2018-04-18,10536.65
2018-04-19,10568.1
2018-04-20,10579.85
2018-04-23,10582.8
2018-04-24,10620.35
2018-04-25,10564.55
2018-04-26,10615.55
2018-04-27,10694.7
2018-04-30,10740.9
2018-05-02,10716.8
2018-05-03,10669.8
2018-05-04,10614.85
2018-05-07,10722.75
2018-05-08,10714.3
2018-05-09,10748.55
2018-05-10,10710.35
2018-05-11,10798.55
2018-05-14,10797.1
2018-05-15,10804.05
2018-05-16,10742.75
2018-05-17,10677.6
2018-05-18,10604.45
2018-05-21,10520.35
2018-05-22,10543.25
2018-05-23,10428.55
2018-05-24,10533.35
2018-05-25,10611.2
2018-05-28,10683.1
2018-05-29,10630.95
2018-05-30,10616.7
2018-05-31,10731.9
2018-06-01,10686.45
2018-06-04,10624.55
2018-06-05,10605.75
2018-06-06,10687.85
2018-06-07,10762.2
2018-06-08,10759.35
2018-06-11,10781.95
2018-06-12,10852.35
2018-06-13,10855.05
2018-06-14,10810.1
2018-06-15,10815.85
2018-06-18,10795.05
2018-06-19,10711.3
2018-06-20,10773.3
2018-06-21,10741.95
2018-06-22,10824.35
2018-06-25,10758.25
2018-06-26,10764.05
2018-06-27,10667.45
2018-06-28,10593.9
2018-06-29,10711.4
2018-07-02,10651.75
2018-07-03,10707.85
2018-07-04,10771.65
2018-07-05,10753.4
2018-07-06,10770.0
2018-07-09,10851.05
2018-07-10,10947.1
2018-07-11,10942.2
2018-07-12,11015.3
2018-07-13,11021.95
2018-07-16,10940.7
2018-07-17,11015.15
2018-07-18,10983.45
2018-07-19,10967.2
2018-07-20,11011.95
2018-07-23,11079.05
2018-07-24,11133.15
2018-07-25,11122.9
2018-07-26,11184.25
2018-07-27,11273.6
2018-07-30,11312.9
2018-07-31,11357.25
2018-08-01,11321.35
2018-08-02,11238.15
2018-08-03,11362.25
2018-08-06,11389.25
2018-08-07,11389.1
2018-08-08,11455.2
2018-08-09,11471.1
2018-08-10,11421.3
2018-08-13,11363.35
2018-08-14,11433.7
2018-08-16,11391.2
2018-08-17,11465.55
2018-08-20,11554.55
2018-08-21,11571.25
2018-08-23,11578.5
2018-08-24,11556.3
2018-08-27,11696.8
2018-08-28,11743.75
2018-08-29,11686.95
2018-08-30,11679.55
2018-08-31,11675.45
2018-09-03,11571.05
2018-09-04,11523.15
2018-09-05,11471.3
2018-09-06,11519.15
2018-09-07,11586.05
2018-09-10,11439.5
2018-09-11,11282.0
2018-09-12,11370.2
2018-09-14,11510.75
2018-09-17,11371.6
2018-09-18,11282.25
2018-09-19,11237.15
2018-09-21,11160.55
2018-09-24,10974.7
2018-09-25,11080.05
2018-09-26,11047.05
2018-09-27,10985.95
2018-09-28,10931.75
2018-10-01,11014.6
2018-10-03,10850.45
2018-10-04,10552.7
2018-10-05,10263.55
2018-10-08,10352.75
2018-10-09,10291.8
2018-10-10,10462.7
2018-10-11,10248.3
2018-10-12,10465.2
2018-10-15,10517.7
2018-10-16,10576.45
2018-10-17,10458.45
2018-10-19,10316.55
2018-10-22,10252.55
2018-10-23,10184.35
2018-10-24,10239.9
2018-10-25,10139.3
2018-10-26,10012.65
2018-10-29,10249.05
2018-10-30,10190.2
2018-10-31,10362.0
2018-11-01,10381.15
2018-11-02,10557.2
2018-11-05,10526.15
2018-11-06,10520.4
2018-11-09,10581.55
2018-11-12,10479.55
2018-11-13,10581.2
2018-11-14,10568.15
2018-11-15,10601.35
2018-11-16,10680.85
2018-11-19,10770.35
2018-11-20,10647.55
2018-11-21,10605.3
2018-11-22,10522.3
2018-11-26,10633.05
2018-11-27,10685.25
2018-11-28,10721.55
2018-11-29,10875.85
2018-11-30,10882.8
2018-12-03,10889.8
2018-12-04,10869.7
2018-12-05,10790.35
2018-12-06,10593.95
2018-12-07,10702.2
2018-12-10,10477.3
2018-12-11,10557.9
2018-12-12,10736.9
2018-12-13,10788.5
2018-12-14,10802.35
2018-12-17,10885.05
2018-12-18,10913.85
2018-12-19,10961.2
2018-12-20,10960.5
2018-12-21,10754.85
2018-12-24,10671.95
2018-12-26,10741.95
2018-12-27,10774.5
2018-12-28,10858.9
2018-12-31,10861.85
2019-01-01,10913.95
2019-01-02,10781.9
2019-01-03,10667.7
2019-01-04,10730.7
2019-01-07,10770.65
2019-01-08,10788.6
2019-01-09,10849.8
2019-01-10,10815.75
2019-01-11,10783.55
2019-01-14,10741.05
2019-01-15,10884.55
2019-01-16,10888.6
2019-01-17,10890.1
2019-01-18,10907.35
2019-01-21,10949.4
2019-01-22,10917.45
2019-01-23,10822.15
2019-01-24,10858.95
2019-01-25,10775.45
2019-01-28,10675.8
2019-01-29,10679.1
2019-01-30,10640.25
2019-01-31,10817.35
2019-02-01,10892.75
2019-02-04,10909.05
2019-02-05,10935.65
2019-02-06,11068.45
2019-02-07,11054.4
2019-02-08,10932.6
2019-02-11,10899.9
2019-02-12,10828.4
2019-02-13,10774.25
2019-02-14,10759.8
2019-02-15,10728.8
2019-02-18,10631.3
2019-02-19,10605.15
2019-02-20,10742.25
2019-02-21,10791.95
2019-02-22,10789.7
2019-02-25,10879.15
2019-02-26,10829.0
2019-02-27,10793.9
2019-02-28,10801.8
2019-03-01,10861.65
2019-03-05,10985.7
2019-03-06,11049.1
2019-03-07,11053.05
2019-03-08,11036.6
2019-03-11,11175.85
2019-03-12,11290.2
2019-03-13,11342.35
2019-03-14,11346.8
2019-03-15,11431.85
2019-03-18,11479.45
2019-03-19,11539.9
2019-03-20,11516.65
2019-03-22,11462.6
2019-03-25,11350.75
2019-03-26,11493.0
2019-03-27,11433.8
2019-03-28,11581.5
2019-03-29,11611.4
2019-04-01,11655.6
2019-04-02,11724.95
2019-04-03,11637.7
2019-04-04,11604.55
2019-04-05,11684.1
2019-04-08,11600.45
2019-04-09,11677.2
2019-04-10,11582.75
2019-04-11,11603.0
2019-04-12,11631.55
2019-04-15,11687.65
2019-04-16,11795.3
2019-04-18,11746.85
2019-04-22,11591.4
2019-04-23,11579.2
2019-04-24,11724.75
2019-04-25,11651.5
2019-04-26,11748.7
2019-04-30,11739.1
2019-05-02,11718.8
2019-05-03,11709.9
2019-05-06,11592.25
2019-05-07,11495.45
2019-05-08,11361.6
2019-05-09,11297.9
2019-05-10,11256.8
2019-05-13,11154.7
2019-05-14,11239.3
2019-05-15,11142.5
2019-05-16,11275.55
2019-05-17,11417.25
2019-05-20,11832.7
2019-05-21,11712.05
2019-05-22,11755.0
2019-05-23,11682.5
2019-05-24,11845.3
2019-05-27,11920.5
2019-05-28,11941.2
2019-05-29,11861.95
2019-05-30,11944.4
2019-05-31,11918.25
2019-06-03,12092.35
2019-06-04,12036.2
2019-06-06,11848.5
2019-06-07,11863.75
2019-06-10,11928.3
2019-06-11,11962.85
2019-06-12,11917.3
2019-06-13,11905.55
2019-06-14,11810.85
2019-06-17,11674.0
2019-06-18,11700.8
2019-06-19,11706.8
2019-06-20,11841.9
2019-06-21,11732.95
2019-06-24,11702.7
2019-06-25,11776.9
2019-06-26,11840.1
2019-06-27,11843.75
2019-06-28,11793.9
2019-07-01,11864.55
2019-07-02,11907.5
2019-07-03,11913.55
2019-07-04,11938.3
2019-07-05,11802.05
2019-07-08,11564.0
2019-07-09,11552.7
2019-07-10,11494.0
2019-07-11,11575.6
2019-07-12,11547.65
2019-07-15,11587.65
2019-07-16,11661.05
2019-07-17,11686.25
2019-07-18,11600.85
2019-07-19,11437.15
2019-07-22,11336.0
2019-07-23,11328.45
2019-07-24,11268.3
2019-07-25,11261.75
2019-07-26,11297.7
2019-07-29,11192.15
2019-07-30,11080.6
2019-07-31,11113.8
2019-08-01,10991.3
2019-08-02,11000.35
2019-08-05,10858.65
2019-08-06,10931.4
2019-08-07,10838.75
2019-08-08,11048.0
2019-08-09,11111.05
2019-08-13,10922.35
2019-08-14,11013.9
2019-08-16,11042.5
2019-08-19,11055.1
2019-08-20,11023.55
2019-08-21,10919.15
2019-08-22,10736.4
2019-08-23,10841.75
2019-08-26,11057.85
2019-08-27,11115.55
2019-08-28,11043.85
2019-08-29,10961.4
2019-08-30,11033.85
2019-09-03,10775.85
2019-09-04,10836.85
2019-09-05,10840.7
2019-09-06,10941.0
2019-09-09,11004.3
2019-09-11,11018.95
2019-09-12,10981.05
2019-09-13,11081.35
2019-09-16,10993.1
2019-09-17,10826.9
2019-09-18,10848.65
2019-09-19,10696.75
2019-09-20,11275.45
2019-09-23,11595.5
2019-09-24,11588.3
2019-09-25,11431.2
2019-09-26,11580.0
2019-09-27,11512.5
2019-09-30,11478.1
2019-10-01,11367.35
2019-10-03,11313.1
2019-10-04,11163.85
2019-10-07,11119.95
2019-10-09,11319.6
2019-10-10,11239.25
2019-10-11,11301.25
2019-10-14,11329.8
2019-10-15,11430.6
2019-10-16,11471.55
2019-10-17,11582.3
2019-10-18,11661.45
2019-10-22,11589.9
2019-10-23,11614.5
2019-10-24,11585.15
2019-10-25,11574.4
2019-10-29,11790.35
2019-10-30,11849.8
2019-10-31,11881.2
2019-11-01,11899.5
2019-11-04,11945.15
2019-11-05,11918.6
2019-11-06,11961.0
2019-11-07,12016.1
2019-11-08,11905.7
2019-11-11,11912.75
2019-11-13,11835.55
2019-11-14,11869.2
2019-11-15,11895.3
2019-11-18,11894.25
2019-11-19,11955.65
2019-11-20,11993.45
2019-11-21,11964.05
2019-11-22,11916.1
2019-11-25,12079.0
2019-11-26,12046.8
2019-11-27,12112.2
2019-11-28,12155.4
2019-11-29,12048.0
2019-12-02,12048.25
2019-12-03,12001.05
2019-12-04,12037.3
2019-12-05,12007.9
2019-12-06,11914.15
2019-12-09,11936.95
2019-12-10,11861.25
2019-12-11,11913.2
2019-12-12,11968.7
2019-12-13,12089.75
2019-12-16,12060.5
2019-12-17,12174.4
2019-12-18,12227.45
2019-12-19,12259.8
2019-12-20,12267.45
2019-12-23,12266.15
2019-12-24,12212.0
2019-12-26,12130.9
2019-12-27,12250.7
2019-12-30,12258.75
2019-12-31,12176.3
2020-01-01,12189.7
2020-01-02,12282.35
2020-01-03,12222.2
2020-01-06,11988.1
2020-01-07,12060.3
2020-01-08,12021.6
2020-01-09,12214.45
2020-01-10,12256.5
2020-01-13,12329.6
2020-01-14,12360.05
2020-01-15,12340.35
2020-01-16,12354.05
2020-01-17,12346.1
2020-01-20,12230.75
2020-01-21,12169.65
2020-01-22,12108.15
2020-01-23,12179.9
2020-01-24,12252.15
2020-01-27,12109.9
2020-01-28,12061.95
2020-01-29,12132.0
2020-01-30,12023.8
2020-01-31,11966.45
2020-02-01,11643.65
2020-02-03,11724.6
2020-02-04,11981.3
2020-02-05,12091.95
2020-02-06,12133.25
2020-02-07,12086.6
2020-02-10,12035.3
2020-02-11,12110.45
2020-02-12,12203.9
2020-02-13,12168.95
2020-02-14,12113.35
2020-02-17,12050.15
2020-02-18,12008.05
2020-02-19,12130.95
2020-02-20,12083.1
2020-02-24,11835.85
2020-02-25,11814.35
2020-02-26,11677.35
2020-02-27,11619.95
2020-02-28,11217.4
2020-03-02,11149.2
2020-03-03,11329.15
2020-03-04,11256.3
2020-03-05,11258.0
2020-03-06,10981.0
2020-03-09,10457.6
2020-03-11,10454.1
2020-03-12,9630.65
2020-03-13,10020.45
2020-03-16,9200.05
2020-03-17,8965.3
2020-03-18,8539.3
2020-03-19,8267.9
2020-03-20,8744.35
2020-03-23,7636.65
2020-03-24,7852.45
2020-03-25,8300.45
2020-03-26,8653.5
2020-03-27,8673.5
2020-03-30,8291.7
2020-03-31,8556.15
2020-04-01,8262.65
2020-04-03,8106.45
2020-04-07,8779.3
2020-04-08,8752.4
2020-04-09,9098.55
2020-04-13,9006.65
2020-04-15,8942.6
2020-04-16,9016.6
2020-04-17,9291.35
2020-04-20,9262.0
2020-04-21,8981.1
2020-04-22,9193.35
2020-04-23,9302.9
2020-04-24,9174.0
2020-04-27,9289.6
2020-04-28,9401.7
2020-04-29,9536.8
2020-04-30,9851.85
2020-05-04,9305.7
2020-05-05,9222.9
2020-05-06,9287.8
2020-05-07,9212.95
2020-05-08,9249.5
2020-05-11,9247.2
2020-05-12,9209.65
2020-05-13,9383.25
2020-05-14,9150.2
2020-05-15,9128.95
2020-05-18,8830.4
2020-05-19,8890.55
2020-05-20,9085.15
2020-05-21,9102.2
2020-05-22,9051.5
2020-05-26,9046.1
2020-05-27,9317.4
2020-05-28,9488.0
2020-05-29,9568.45
2020-06-01,9812.2
2020-06-02,9995.1
2020-06-03,10068.05
2020-06-04,10030.75
2020-06-05,10168.2
2020-06-08,10175.25
2020-06-09,10026.25
2020-06-10,10139.4
2020-06-11,9910.15
2020-06-12,9958.15
2020-06-15,9818.05
2020-06-16,9900.8
2020-06-17,9876.85
2020-06-18,10091.25
2020-06-19,10254.05
2020-06-22,10324.7
2020-06-23,10482.75
2020-06-24,10320.05
2020-06-25,10284.35
2020-06-26,10400.85
2020-06-29,10315.1
2020-06-30,10307.35
2020-07-01,10419.45
2020-07-02,10563.6
2020-07-03,10602.7
2020-07-06,10770.05
2020-07-07,10787.5
2020-07-08,10696.15
2020-07-09,10833.45
2020-07-10,10771.2
2020-07-13,10814.75
2020-07-14,10610.15
2020-07-15,10637.9
2020-07-16,10728.05
2020-07-17,10930.8
2020-07-20,11027.55
2020-07-21,11173.1
2020-07-22,11143.65
2020-07-23,11234.6
2020-07-24,11197.95
2020-07-27,11124.5
2020-07-28,11292.0
2020-07-29,11197.2
2020-07-30,11095.15
2020-07-31,11090.15
2020-08-03,10900.0
2020-08-04,11102.5
2020-08-05,11119.9
2020-08-06,11206.8
2020-08-07,11216.9
2020-08-10,11274.65
2020-08-11,11332.0
2020-08-12,11310.75
2020-08-13,11312.2
2020-08-14,11183.05
2020-08-17,11259.65
2020-08-18,11391.2
2020-08-19,11421.35
2020-08-20,11308.3
2020-08-21,11378.4
2020-08-24,11472.9
2020-08-25,11479.35
2020-08-26,11551.7
2020-08-27,11571.5
2020-08-28,11657.1
2020-08-31,11341.05
2020-09-01,11494.1
2020-09-02,11543.1
2020-09-03,11535.7
2020-09-04,11358.35
2020-09-07,11377.0
2020-09-08,11294.3
2020-09-09,11285.75
2020-09-10,11454.35
2020-09-11,11454.85
2020-09-14,11422.1
2020-09-15,11532.15
2020-09-16,11600.05
2020-09-17,11519.25
2020-09-18,11515.95
2020-09-21,11221.65
2020-09-22,11175.5
2020-09-23,11135.9
2020-09-24,10821.35
2020-09-25,11035.8
2020-09-28,11238.35
2020-09-29,11222.65
2020-09-30,11226.3
2020-10-01,11422.4
2020-10-05,11508.45
2020-10-06,11660.4
2020-10-07,11748.7
2020-10-08,11833.15
2020-10-09,11938.0
2020-10-12,11936.2
2020-10-13,11925.25
2020-10-14,11966.45
2020-10-15,11672.55
2020-10-16,11770.25
2020-10-19,11878.6
2020-10-20,11898.7
2020-10-21,11933.85
2020-10-22,11902.25
2020-10-23,11929.8
2020-10-26,11776.9
2020-10-27,11887.8
2020-10-28,11727.35
2020-10-29,11670.7
2020-10-30,11646.45
2020-11-02,11652.75
2020-11-03,11807.65
2020-11-04,11893.65
2020-11-05,12127.6
2020-11-06,12261.35
2020-11-09,12468.15
2020-11-10,12640.25
2020-11-11,12757.2
2020-11-12,12693.0
2020-11-13,12723.1
2020-11-17,12878.9
2020-11-18,12936.1
2020-11-19,12760.6
2020-11-20,12846.0
2020-11-23,12928.15
2020-11-24,13075.55
2020-11-25,12858.7
2020-11-26,13015.05
2020-11-27,12942.85
2020-12-01,13097.85
2020-12-02,13104.15
2020-12-03,13136.6
2020-12-04,13270.7
2020-12-07,13355.2
2020-12-08,13389.3
2020-12-09,13532.55
2020-12-10,13481.55
2020-12-11,13505.55
2020-12-14,13554.85
2020-12-15,13564.5
2020-12-16,13672.75
2020-12-17,13734.85
2020-12-18,13744.1
2020-12-21,13283.35
2020-12-22,13460.8
2020-12-23,13609.15
2020-12-24,13740.4
2020-12-28,13881.0
2020-12-29,13926.9
2020-12-30,13975.25
2020-12-31,13967.0
2021-01-01,14014.8
2021-01-04,14143.65
2021-01-05,14199.3
2021-01-06,14134.05
2021-01-07,14148.45
2021-01-08,14343.9
2021-01-11,14483.05
2021-01-12,14574.75
2021-01-13,14558.3
2021-01-14,14597.5
2021-01-15,14434.4
2021-01-18,14230.2
2021-01-19,14526.6
2021-01-20,14622.45
2021-01-21,14630.4
2021-01-22,14366.8
2021-01-25,14247.95
2021-01-27,13964.25
2021-01-28,13819.75
2021-01-29,13660.8
2021-02-01,14335.45
2021-02-02,14671.2
2021-02-03,14783.6
2021-02-04,14889.5
2021-02-05,14940.85
2021-02-08,15129.45
2021-02-09,15109.5
2021-02-10,15137.8
2021-02-11,15176.65
2021-02-12,15164.7
2021-02-15,15335.8
2021-02-16,15317.95
2021-02-17,15196.25
2021-02-18,15120.2
2021-02-19,15003.45
2021-02-22,14640.9
2021-02-23,14717.8
2021-02-25,15103.8
2021-02-26,14523.15
2021-03-01,14784.15
2021-03-02,14941.8
2021-03-03,15240.5
2021-03-04,15087.15
2021-03-05,14963.15
2021-03-08,14962.85
2021-03-09,15098.7
2021-03-10,15168.15
2021-03-12,15023.95
2021-03-15,14920.9
2021-03-16,14922.0
2021-03-17,14709.25
2021-03-18,14583.7
2021-03-19,14733.55
2021-03-22,14747.15
2021-03-23,14807.3
2021-03-24,14564.95
2021-03-25,14346.4
2021-03-26,14518.9
2021-03-30,14855.0
2021-03-31,14693.05
2021-04-01,14865.95
2021-04-05,14649.05
2021-04-06,14700.8
2021-04-07,14808.85
2021-04-08,14877.5
2021-04-09,14838.05
2021-04-12,14349.6
2021-04-13,14525.0
2021-04-15,14589.4
2021-04-16,14590.45
2021-04-19,14362.95
2021-04-20,14279.55
2021-04-22,14398.7
2021-04-23,14331.25
2021-04-26,14489.05
2021-04-27,14657.35
2021-04-28,14850.3
2021-04-29,14888.6
2021-04-30,14617.55
2021-05-03,14644.35
2021-05-04,14506.85
2021-05-05,14635.0
2021-05-06,14733.2
2021-05-07,14810.8
2021-05-10,14949.4
2021-05-11,14845.5
2021-05-12,14698.75
2021-05-14,14683.85
2021-05-17,14924.1
2021-05-18,15109.4
2021-05-19,15019.2
2021-05-20,14920.05
2021-05-21,15183.55
2021-05-24,15184.0
2021-05-25,15218.15
2021-05-26,15299.7
2021-05-27,15370.15
2021-05-28,15455.3
2021-05-31,15576.0
2021-06-01,15568.05
2021-06-02,15590.0
2021-06-03,15688.9
2021-06-04,15670.65
2021-06-07,15747.0
2021-06-08,15741.85
2021-06-09,15640.25
2021-06-10,15745.15
2021-06-11,15805.1
2021-06-14,15809.7
2021-06-15,15859.2
2021-06-16,15755.7
2021-06-17,15681.7
2021-06-18,15719.85
2021-06-21,15748.6
2021-06-22,15765.15
2021-06-23,15693.4
2021-06-24,15793.7
2021-06-25,15847.6
2021-06-28,15825.0
2021-06-29,15751.4
2021-06-30,15730.65
2021-07-01,15693.25
2021-07-02,15729.0
2021-07-05,15838.4
2021-07-06,15816.4
2021-07-07,15878.65
2021-07-08,15728.0
2021-07-09,15697.05
2021-07-12,15689.5
2021-07-13,15807.9
2021-07-14,15845.35
2021-07-15,15920.7
2021-07-16,15923.6
2021-07-19,15757.9
2021-07-20,15624.5
2021-07-22,15827.7
2021-07-23,15850.8
2021-07-26,15821.45
2021-07-27,15747.2
2021-07-28,15714.65
2021-07-29,15784.85
2021-07-30,15773.65
2021-08-02,15887.5
2021-08-03,16123.4
2021-08-04,16253.0
2021-08-05,16281.8
2021-08-06,16254.7
2021-08-09,16254.1
2021-08-10,16268.3
2021-08-11,16275.1
2021-08-12,16361.35
2021-08-13,16519.5
2021-08-16,16547.05
2021-08-17,16605.45
2021-08-18,16550.4
2021-08-20,16415.65
2021-08-23,16488.3
2021-08-24,16615.75
2021-08-25,16635.4
2021-08-26,16631.95
2021-08-27,16691.55
2021-08-30,16938.7
2021-08-31,17131.35
2021-09-01,17058.75
2021-09-02,17233.85
2021-09-03,17320.55
2021-09-06,17379.65
2021-09-07,17357.45
2021-09-08,17370.7
2021-09-09,17358.1
2021-09-13,17350.7
2021-09-14,17382.0
2021-09-15,17518.3
2021-09-16,17627.55
2021-09-17,17602.2
2021-09-20,17373.75
2021-09-21,17564.1
2021-09-22,17548.35
2021-09-23,17826.3
2021-09-24,17841.55
2021-09-27,17855.1
2021-09-28,17733.45
2021-09-29,17708.55
2021-09-30,17608.65
2021-10-01,17526.35
2021-10-04,17700.5
2021-10-05,17829.3
2021-10-06,17626.45
2021-10-07,17797.15
2021-10-08,17907.5
2021-10-11,17953.7
2021-10-12,18005.35
2021-10-13,18165.75
2021-10-14,18339.05
2021-10-18,18476.25
2021-10-19,18427.25
2021-10-20,18282.75
2021-10-21,18219.6
2021-10-22,18111.5
2021-10-25,18136.5
2021-10-26,18308.95
2021-10-27,18181.5
2021-10-28,17862.9
2021-10-29,17708.8
2021-11-01,17945.25
2021-11-02,17889.15
2021-11-03,17833.0
2021-11-08,18080.7
2021-11-09,18050.85
2021-11-10,18010.1
2021-11-11,17885.65
2021-11-12,18098.65
2021-11-15,18092.0
2021-11-16,17964.35
2021-11-17,17887.2
2021-11-18,17745.25
2021-11-22,17440.0
2021-11-23,17495.1
2021-11-24,17357.1
2021-11-25,17547.0
2021-11-26,17006.55
2021-11-29,17039.7
2021-11-30,16975.15
2021-12-01,17185.95
2021-12-02,17401.5
2021-12-03,17210.3
2021-12-06,16909.3
2021-12-07,17180.5
2021-12-08,17467.85
2021-12-09,17502.65
2021-12-10,17499.2
2021-12-13,17384.5
2021-12-14,17319.5
2021-12-15,17208.3
2021-12-16,17285.6
2021-12-17,16994.05
2021-12-20,16613.0
2021-12-21,16786.9
2021-12-22,16968.1
2021-12-23,17051.35
2021-12-24,16999.9
2021-12-27,17101.95
2021-12-28,17233.35
2021-12-29,17189.55
2021-12-30,17228.95
2021-12-31,17364.25
2022-01-03,17635.35
2022-01-04,17807.35
2022-01-05,17907.7
2022-01-06,17746.0
2022-01-07,17818.2
2022-01-10,18005.45
2022-01-11,18059.0
2022-01-12,18197.6
2022-01-13,18258.55
2022-01-14,18235.5
2022-01-17,18309.7
2022-01-18,18113.8
2022-01-19,17941.45
2022-01-20,17782.95
2022-01-21,17650.45
2022-01-24,17112.45
2022-01-25,17267.3
2022-01-27,17149.3
2022-01-28,17106.35
2022-01-31,17338.3
2022-02-01,17604.65
2022-02-02,17791.6
2022-02-03,17520.25
2022-02-04,17503.0
2022-02-07,17210.0
2022-02-08,17240.35
2022-02-09,17471.6
2022-02-10,17586.95
2022-02-11,17345.55
2022-02-14,16819.7
2022-02-15,17351.85
2022-02-16,17293.05
2022-02-17,17280.15
2022-02-18,17268.75
2022-02-21,17205.75
2022-02-22,17080.6
2022-02-23,17054.7
2022-02-24,16217.75
2022-02-25,16668.8
2022-02-28,16789.45
2022-03-02,16625.85
2022-03-03,16508.75
2022-03-04,16243.55
2022-03-07,15881.05
2022-03-08,16014.65
2022-03-09,16366.9
2022-03-10,16566.3
2022-03-11,16620.5
2022-03-14,16886.4
2022-03-15,16645.0
2022-03-16,16966.35
2022-03-17,17299.4
2022-03-21,17113.85
2022-03-22,17329.8
2022-03-23,17223.55
2022-03-24,17197.3
2022-03-25,17177.95
2022-03-28,17214.7
2022-03-29,17335.75
2022-03-30,17471.6
2022-03-31,17468.75
2022-04-01,17688.35
2022-04-04,18036.05
2022-04-05,17930.75
2022-04-06,17799.3
2022-04-07,17655.15
2022-04-08,17800.3
2022-04-11,17679.65
2022-04-12,17519.95
2022-04-13,17467.45
2022-04-18,17185.8
2022-04-19,16869.15
2022-04-20,17149.6
2022-04-21,17400.1
2022-04-22,17172.1
2022-04-25,16983.2
2022-04-26,17201.45
2022-04-27,17037.65
2022-04-28,17231.35
2022-04-29,17111.6
2022-05-02,17064.7
2022-05-04,16694.7
2022-05-05,16669.2
2022-05-06,16438.25
2022-05-09,16308.4
2022-05-10,16207.75
2022-05-11,16202.25
2022-05-12,15826.45
2022-05-13,15767.15
2022-05-16,15864.5
2022-05-17,16282.6
2022-05-18,16256.45
2022-05-19,15828.45
2022-05-20,16278.7
2022-05-23,16191.65
2022-05-24,16139.5
2022-05-25,16037.8
2022-05-26,16201.55
2022-05-27,16356.1
2022-05-30,16668.2
2022-05-31,16578.25
2022-06-01,16540.8
2022-06-02,16637.4
2022-06-03,16583.6
2022-06-06,16563.65
2022-06-07,16404.45
2022-06-08,16335.4
2022-06-09,16481.8
2022-06-10,16191.45
2022-06-13,15800.95
2022-06-14,15741.95
2022-06-15,15682.9
2022-06-16,15348.2
2022-06-17,15330.75
2022-06-20,15368.9
2022-06-21,15634.15
2022-06-22,15401.1
2022-06-23,15577.55
2022-06-24,15698.95
2022-06-27,15836.1
2022-06-28,15883.0
2022-06-29,15783.35
2022-06-30,15735.9
2022-07-01,15764.0
2022-07-04,15829.15
2022-07-05,15799.95
2022-07-06,16007.85
2022-07-07,16136.85
2022-07-08,16217.5
2022-07-11,16199.05
2022-07-12,16037.75
2022-07-13,15975.75
2022-07-14,15947.95
2022-07-15,16052.85
2022-07-18,16281.4
2022-07-19,16329.3
2022-07-20,16495.8
2022-07-21,16609.8
2022-07-22,16714.3
2022-07-25,16610.05
2022-07-26,16466.55
2022-07-27,16642.75
2022-07-28,16922.05
2022-07-29,17157.95
2022-08-01,17332.3
2022-08-02,17294.85
2022-08-03,17392.9
2022-08-04,17364.0
2022-08-05,17389.05
2022-08-08,17527.85
2022-08-10,17523.75
2022-08-11,17638.65
2022-08-12,17698.65
2022-08-16,17828.3
2022-08-17,17930.95
2022-08-18,17964.45
2022-08-19,17726.95
2022-08-22,17494.35
2022-08-23,17623.35
2022-08-24,17607.55
2022-08-25,17508.2
2022-08-26,17582.9
2022-08-29,17339.1
2022-08-30,17744.2
2022-09-01,17563.25
2022-09-02,17527.85
2022-09-05,17653.9
2022-09-06,17651.6
2022-09-07,17629.5
2022-09-08,17800.1
2022-09-09,17829.3
2022-09-12,17931.6
2022-09-13,18066.5
2022-09-14,18000.65
2022-09-15,17872.3
2022-09-16,17550.1
2022-09-19,17631.85
2022-09-20,17791.25
2022-09-21,17715.9
2022-09-22,17635.95
2022-09-23,17332.25
2022-09-26,17027.85
2022-09-27,17043.45
2022-09-28,16826.15
2022-09-29,16842.9
2022-09-30,17107.2
2022-10-03,16876.0
2022-10-04,17277.45
2022-10-06,17317.0
2022-10-07,17316.15
2022-10-10,17252.45
2022-10-11,16964.15
2022-10-12,17129.05
2022-10-13,17017.8
2022-10-14,17200.35
2022-10-17,17320.55
2022-10-18,17490.6
2022-10-19,17518.85
2022-10-20,17565.25
2022-10-21,17583.75
2022-10-25,17642.65
2022-10-27,17758.9
2022-10-28,17795.95
2022-10-31,18015.7
2022-11-01,18142.75
2022-11-02,18072.1
2022-11-03,18048.05
2022-11-04,18127.9
2022-11-07,18203.35
2022-11-09,18121.05
2022-11-10,18036.8
2022-11-11,18355.3
2022-11-14,18320.25
2022-11-15,18421.55
2022-11-16,18401.35
2022-11-17,18333.95
2022-11-18,18304.35
2022-11-21,18157.95
2022-11-22,18251.5
2022-11-23,18254.1
2022-11-24,18510.85
2022-11-25,18498.4
2022-11-28,18553.4
2022-11-29,18603.6
2022-11-30,18776.95
2022-12-01,18800.95
2022-12-02,18705.2
2022-12-05,18694.05
2022-12-06,18647.8
2022-12-07,18550.75
2022-12-08,18614.4
2022-12-09,18493.25
2022-12-12,18494.7
2022-12-13,18596.75
2022-12-14,18643.0
2022-12-15,18399.75
2022-12-16,18270.1
2022-12-19,18426.2
2022-12-20,18385.85
2022-12-21,18207.55
2022-12-22,18114.7
2022-12-23,17824.1
2022-12-26,18009.6
2022-12-27,18136.0
2022-12-28,18106.9
2022-12-29,18210.4
2022-12-30,18117.05
2023-01-02,18207.1
2023-01-03,18234.3
2023-01-04,18036.85
2023-01-05,17999.8
2023-01-06,17865.85
2023-01-09,18088.75
2023-01-10,17925.35
2023-01-11,17888.4
2023-01-12,17866.0
2023-01-13,17950.5
2023-01-16,17891.7
2023-01-17,18056.8
2023-01-18,18163.8
2023-01-19,18089.05
2023-01-20,18027.3
2023-01-23,18104.95
2023-01-24,18101.15
2023-01-25,17910.05
2023-01-27,17607.9
2023-01-30,17667.25
2023-01-31,17682.55
2023-02-01,17605.4
2023-02-02,17611.75
2023-02-03,17830.8
2023-02-06,17761.2
2023-02-07,17720.4
2023-02-08,17862.5
2023-02-09,17897.1
2023-02-10,17843.35
2023-02-13,17764.55
2023-02-14,17921.85
2023-02-15,18023.2
2023-02-16,18015.25
2023-02-17,17942.6
2023-02-20,17847.7
2023-02-21,17842.1
2023-02-22,17552.5
2023-02-23,17523.8
2023-02-24,17465.45
2023-02-27,17406.35
2023-02-28,17317.2
2023-03-01,17457.85
2023-03-02,17318.65
2023-03-03,17592.3
2023-03-06,17719.85
2023-03-08,17751.5
2023-03-09,17582.8
2023-03-10,17418.6
2023-03-13,17184.6
2023-03-14,17068.65
2023-03-15,16973.85
2023-03-16,17010.15
2023-03-17,17123.7
2023-03-20,17003.45
2023-03-21,17106.95
2023-03-22,17142.75
2023-03-23,17068.45
2023-03-24,16932.6
2023-03-27,16963.45
2023-03-28,16956.85
2023-03-29,17116.35
2023-03-31,17358.3
2023-04-03,17399.7
2023-04-05,17561.0
2023-04-06,17602.0
2023-04-10,17613.05
2023-04-11,17722.25
2023-04-12,17817.9
2023-04-13,17828.15
2023-04-17,17704.1
2023-04-18,17661.55
2023-04-19,17610.2
2023-04-20,17623.9
2023-04-21,17618.9
2023-04-24,17748.0
2023-04-25,17761.95
2023-04-26,17817.95
2023-04-27,17923.2
2023-04-28,18048.9
2023-05-02,18136.05
2023-05-03,18082.7
2023-05-04,18238.6
2023-05-05,18069.95
2023-05-08,18269.75
2023-05-09,18258.3
2023-05-10,18311.1
2023-05-11,18304.5
2023-05-12,18312.2
2023-05-15,18384.6
2023-05-16,18276.75
2023-05-17,18197.95
2023-05-18,18134.65
2023-05-19,18205.45
2023-05-22,18303.3
2023-05-23,18333.75
2023-05-24,18287.0
2023-05-25,18335.9
2023-05-26,18491.9
2023-05-29,18601.1
2023-05-30,18639.95
2023-05-31,18521.3
2023-06-01,18486.1
2023-06-02,18525.85
2023-06-05,18599.9
2023-06-06,18617.1
2023-06-07,18730.35
2023-06-08,18646.9
2023-06-09,18567.3
2023-06-12,18614.9
2023-06-13,18718.65
2023-06-14,18749.65
2023-06-15,18682.15
2023-06-16,18823.6
2023-06-19,18754.2
2023-06-20,18833.7
2023-06-21,18862.1
2023-06-22,18779.35
2023-06-23,18668.55
2023-06-26,18694.7
2023-06-27,18818.6
2023-06-28,18991.9
2023-06-30,19183.2
2023-07-03,19330.65
2023-07-04,19385.55
2023-07-05,19415.3
2023-07-06,19486.25
2023-07-07,19324.65
2023-07-10,19367.85
2023-07-11,19448.15
2023-07-12,19384.75
2023-07-13,19443.2
2023-07-14,19587.35
2023-07-17,19719.1
2023-07-18,19751.55
2023-07-19,19847.15
2023-07-20,19969.95
2023-07-21,19780.9
2023-07-24,19665.4
2023-07-25,19678.85
2023-07-26,19773.1
2023-07-27,19700.2
2023-07-28,19638.0
2023-07-31,19742.5
2023-08-01,19736.1
2023-08-02,19514.8
2023-08-03,19394.45
2023-08-04,19510.05
2023-08-07,19597.95
2023-08-08,19570.8
2023-08-09,19630.95
2023-08-10,19549.2
2023-08-11,19424.25
2023-08-14,19413.65
2023-08-16,19447.0
2023-08-17,19346.2
2023-08-18,19281.5
2023-08-21,19380.6
2023-08-22,19390.05
2023-08-23,19441.55
2023-08-24,19380.4
2023-08-25,19244.3
2023-08-28,19302.65
2023-08-29,19352.95
2023-08-30,19340.05
2023-08-31,19279.55
2023-09-01,19423.35
2023-09-04,19535.4
2023-09-05,19577.65
2023-09-06,19618.9
2023-09-07,19723.25
2023-09-08,19820.5
2023-09-11,20000.0
2023-09-12,19985.65
2023-09-13,20063.35
2023-09-14,20101.85
2023-09-15,20169.0
2023-09-18,20123.65
2023-09-20,19909.55
2023-09-21,19748.85
2023-09-22,19684.6
2023-09-25,19674.85
2023-09-26,19673.6
2023-09-27,19728.2
2023-09-28,19553.3
2023-09-29,19638.2
2023-10-03,19522.95
2023-10-04,19446.15
2023-10-05,19546.6
2023-10-06,19649.9
2023-10-09,19497.5
2023-10-10,19691.5
2023-10-11,19808.5
2023-10-12,19782.9
2023-10-13,19730.95
2023-10-16,19730.95
2023-10-17,19818.35
2023-10-18,19668.25
2023-10-19,19611.9
2023-10-20,19541.75
2023-10-23,19278.45
2023-10-25,19125.65
2023-10-26,18848.5
2023-10-27,19060.5
2023-10-30,19148.85
2023-10-31,19086.55
2023-11-01,18990.4
2023-11-02,19144.85
2023-11-03,19226.05
2023-11-06,19411.85
2023-11-07,19417.2
2023-11-08,19436.45
2023-11-09,19404.0
2023-11-10,19443.45
2023-11-13,19440.15
2023-11-15,19676.8
2023-11-16,19761.15
2023-11-17,19719.7
2023-11-20,19693.65
2023-11-21,19780.8
2023-11-22,19810.6
2023-11-23,19811.0
2023-11-24,19788.7
2023-11-28,19908.45
2023-11-29,20096.2
2023-11-30,20127.2
2023-12-01,20255.75
2023-12-04,20686.8
2023-12-05,20856.7
2023-12-06,20935.9
2023-12-07,20916.1
2023-12-08,20972.1
2023-12-11,20992.8
2023-12-12,20900.4
2023-12-13,20937.45
2023-12-14,21195.25
2023-12-15,21448.7
2023-12-18,21410.8
2023-12-19,21446.0
2023-12-20,21101.5
2023-12-21,21283.0
2023-12-22,21332.35
2023-12-26,21454.15
2023-12-27,21648.95
2023-12-28,21773.7
2023-12-29,21728.3
2024-01-01,21689.45
2024-01-02,21661.5
2024-01-03,21523.7
2024-01-04,21669.6
2024-01-05,21709.55
2024-01-08,21511.35
2024-01-09,21551.95
2024-01-10,21625.4
2024-01-11,21669.4
2024-01-12,21908.25
2024-01-15,22109.8
2024-01-16,22031.6
2024-01-17,21577.25
2024-01-18,21477.25
2024-01-19,21638.2
2024-01-20,21586.95
2024-01-23,21243.05
2024-01-24,21460.7
2024-01-25,21370.75
2024-01-29,21744.8
2024-01-30,21530.55
2024-01-31,21708.3
2024-02-01,21690.3
2024-02-02,21853.3
2024-02-05,21761.3
2024-02-06,21938.8
2024-02-07,21949.8
2024-02-08,21759.7
2024-02-09,21786.0
2024-02-12,21612.6
2024-02-13,21728.0
2024-02-14,21848.7
2024-02-15,21927.05
2024-02-16,22033.5
2024-02-19,22116.95
2024-02-20,22208.15
2024-02-21,22028.75
2024-02-22,22216.9
2024-02-23,22194.25
2024-02-26,22117.15
2024-02-27,22194.2
2024-02-28,21926.25
2024-02-29,22042.05
2024-03-01,22326.05
2024-03-04,22397.65
2024-03-05,22358.5
2024-03-06,22480.05
2024-03-07,22483.5
2024-03-11,22319.85
2024-03-12,22333.7
2024-03-13,21981.05
2024-03-14,22153.05
2024-03-15,21996.35
2024-03-18,22051.5
2024-03-19,21810.35
2024-03-20,21855.1
2024-03-21,22014.6
2024-03-22,22080.8
2024-03-26,22018.25
2024-03-27,22147.2
2024-03-28,22343.1
2024-04-01,22469.05
2024-04-02,22464.3
2024-04-03,22445.55
2024-04-04,22541.2
2024-04-05,22523.4
2024-04-08,22661.0
2024-04-09,22642.05
2024-04-10,22735.05
2024-04-12,22519.4
2024-04-15,22277.45
2024-04-16,22177.45
2024-04-18,22045.75
2024-04-19,22149.7
2024-04-22,22370.5
2024-04-23,22361.0
2024-04-24,22412.2
2024-04-25,22559.25
2024-04-26,22450.2
2024-04-29,22633.15
2024-04-30,22587.75
2024-05-02,22656.75
2024-05-03,22456.7
2024-05-06,22458.0
2024-05-07,22304.5
2024-05-08,22306.75
2024-05-09,21968.15
2024-05-10,22054.0
2024-05-13,22119.4
2024-05-14,22223.8
2024-05-15,22210.4
2024-05-16,22392.35
2024-05-17,22465.55
2024-05-21,22507.55
2024-05-22,22620.5
2024-05-23,22951.0
2024-05-24,22952.0
2024-05-27,22931.05
2024-05-28,22868.65
2024-05-29,22705.8
2024-05-30,22557.1
2024-05-31,22550.45
2024-06-03,23305.95
2024-06-04,21996.45
2024-06-05,22573.0
2024-06-06,22849.05
2024-06-07,23270.05
2024-06-10,23234.45
2024-06-11,23261.8
2024-06-12,23308.4
2024-06-13,23399.35
2024-06-14,23454.15
2024-06-18,23562.3
2024-06-19,23521.4
2024-06-20,23579.15
2024-06-21,23453.15
2024-06-24,23548.65
2024-06-25,23721.9
2024-06-26,23840.25
2024-06-27,24036.1
2024-06-28,24009.8
2024-07-01,24123.15
2024-07-02,24117.8
2024-07-03,24290.8
2024-07-04,24304.65
2024-07-05,24316.75
2024-07-08,24331.05
2024-07-09,24417.25
2024-07-10,24312.4
2024-07-11,24338.5
2024-07-12,24512.4
2024-07-15,24588.35
2024-07-16,24601.1
2024-07-18,24779.35
2024-07-19,24525.85
2024-07-22,24515.9
2024-07-23,24476.4
2024-07-24,24441.9
2024-07-25,24415.0
2024-07-26,24851.75
2024-07-29,24840.95
2024-07-30,24840.9
2024-07-31,24979.3
2024-08-01,25006.0
2024-08-02,24699.45
2024-08-05,24051.8
2024-08-06,24033.05
2024-08-07,24315.25
2024-08-08,24098.7
2024-08-09,24364.4
2024-08-12,24348.8
2024-08-13,24141.2
2024-08-14,24144.5
2024-08-16,24539.2
2024-08-19,24579.0
2024-08-20,24672.85
2024-08-21,24781.9
2024-08-22,24810.9
2024-08-23,24831.85
2024-08-26,25011.45
2024-08-27,24997.05
2024-08-28,25044.85
2024-08-29,25156.75
2024-08-30,25247.0
2024-09-02,25273.9
2024-09-03,25268.85
2024-09-04,25206.35
2024-09-05,25144.8
2024-09-06,24868.5
2024-09-09,24942.25
2024-09-10,25052.1
2024-09-11,24951.8
2024-09-12,25314.95
2024-09-13,25343.55
2024-09-16,25377.2
2024-09-17,25407.15
2024-09-18,25343.45
2024-09-19,25445.0
2024-09-20,25820.35
2024-09-23,25930.15
2024-09-24,25951.9
2024-09-25,26013.5
2024-09-26,26184.65
2024-09-27,26175.0
2024-09-30,25822.8
2024-10-01,25812.55
2024-10-03,25266.0
2024-10-04,25049.1
2024-10-07,24819.0
2024-10-08,25039.5
2024-10-09,25019.55
2024-10-10,25007.55
2024-10-11,24975.05
2024-10-14,25142.3
2024-10-15,25065.15
2024-10-16,24959.9
2024-10-17,24750.2
2024-10-18,24862.65
2024-10-21,24739.45
2024-10-22,24481.75
2024-10-23,24436.0
2024-10-24,24414.6
2024-10-25,24211.8
2024-10-28,24367.7
2024-10-29,24454.0
2024-10-30,24350.3
2024-10-31,24238.5
2024-11-04,23990.95
2024-11-05,24198.15
2024-11-06,24493.9
2024-11-07,24194.6
2024-11-08,24110.35
2024-11-11,24122.1
2024-11-12,23842.95
2024-11-13,23602.9
2024-11-14,23559.6
2024-11-18,23465.3
2024-11-19,23468.7
2024-11-21,23346.75
2024-11-22,23873.5
2024-11-25,24250.8
2024-11-26,24192.95
2024-11-27,24277.35
2024-11-28,23957.45
2024-11-29,24123.65
2024-12-02,24275.25
2024-12-03,24445.85
2024-12-04,24461.55
2024-12-05,24701.55
2024-12-06,24669.0
2024-12-09,24626.6
2024-12-10,24620.5
2024-12-11,24629.5
2024-12-12,24539.5
2024-12-13,24781.3
2024-12-16,24648.25
2024-12-17,24319.35
2024-12-18,24214.7
2024-12-19,23961.95
2024-12-20,23631.35
2024-12-23,23747.2
2024-12-24,23730.35
2024-12-26,23760.3
2024-12-27,23832.45
2024-12-30,23658.65
2024-12-31,23668.8
2025-01-01,23758.7
2025-01-02,24167.95
2025-01-03,23990.15
2025-01-06,23629.6
2025-01-07,23694.6
2025-01-08,23675.2
2025-01-09,23557.2
2025-01-10,23437.35
2025-01-13,23088.7
2025-01-14,23206.85
2025-01-15,23228.1
2025-01-16,23350.8
2025-01-17,23203.1
2025-01-20,23337.05
2025-01-21,23053.05
2025-01-22,23161.75
2025-01-23,23216.3
2025-01-24,23090.35
2025-01-27,22816.85
2025-01-28,22976.3
2025-01-29,23176.2
2025-01-30,23297.95
2025-01-31,23533.85
2025-02-01,23495.3
2025-02-03,23359.7
2025-02-04,23707.7
2025-02-05,23686.75
2025-02-06,23628.05
2025-02-07,23563.15
2025-02-10,23376.05
2025-02-11,23070.5
2025-02-12,23057.8
2025-02-13,23019.4
2025-02-14,22897.25
2025-02-17,22963.5
2025-02-18,22923.15
2025-02-19,22914.4
2025-02-20,22906.25
2025-02-21,22764.35
2025-02-24,22548.85
2025-02-25,22526.3
2025-02-27,22510.85
2025-02-28,22127.4
2025-03-03,22143.15
2025-03-04,22080.3
2025-03-05,22346.65
2025-03-06,22529.2
2025-03-07,22536.95
2025-03-10,22441.1
2025-03-11,22522.1
2025-03-12,22468.5
2025-03-13,22383.3
2025-03-17,22515.25
2025-03-18,22848.75
2025-03-19,22911.8
2025-03-20,23165.7
2025-03-21,23355.65
2025-03-24,23674.15
2025-03-25,23605.95
2025-03-26,23464.3
2025-03-27,23601.05
2025-03-28,23495.15
2025-04-01,23179.7
2025-04-02,23330.8
2025-04-03,23241.6
2025-04-04,22912.05
2025-04-07,22238.0
2025-04-08,22547.2
2025-04-09,22420.4
2025-04-11,22844.5
2025-04-15,23344.1
2025-04-16,23433.3
2025-04-17,23837.75
2025-04-21,24121.2
2025-04-22,24134.05
2025-04-23,24300.85
2025-04-24,24245.05
2025-04-25,23991.65
2025-04-28,24312.9
2025-04-29,24325.45
2025-04-30,24246.25
2025-05-02,24313.65
2025-05-05,24459.5
2025-05-06,24335.9
2025-05-07,24409.3
2025-05-08,24154.1
2025-05-09,24038.65
2025-05-12,24920.25
2025-05-13,24593.65
2025-05-14,24685.75
2025-05-15,25035.3
2025-05-16,25013.1
2025-05-19,24935.35
2025-05-20,24713.85
2025-05-21,24800.95
2025-05-22,24637.0
2025-05-23,24845.15
2025-05-26,24996.35
2025-05-27,24837.7
2025-05-28,24757.15
2025-05-29,24880.85
2025-05-30,24736.65
2025-06-02,24690.35
2025-06-03,24538.4
2025-06-04,24612.0
2025-06-05,24761.1
2025-06-06,25000.3
2025-06-09,25103.1
2025-06-10,25091.5
2025-06-11,25126.8
2025-06-12,24856.0
2025-06-13,24735.55
2025-06-16,24940.95
2025-06-17,24841.5
2025-06-18,24798.75
2025-06-19,24744.7
2025-06-20,25079.75
2025-06-23,24958.9
2025-06-24,25071.55
2025-06-25,25236.35
2025-06-26,25530.4
2025-06-27,25632.45
2025-06-30,25507.45
2025-07-01,25533.0
2025-07-02,25442.85
2025-07-03,25397.4
2025-07-04,25467.8
2025-07-07,25454.95
2025-07-08,25523.1
2025-07-09,25464.65
2025-07-10,25348.15
2025-07-11,25140.55
2025-07-14,25087.1
2025-07-15,25219.65
2025-07-16,25198.55
2025-07-17,25109.5
2025-07-18,24967.45
2025-07-21,25093.3
2025-07-22,25064.9
2025-07-23,25209.2
2025-07-24,25051.9
2025-07-25,24832.2
